Id	Authority
MarSolRivas	True
MisterFound	False
Narcissou1	False
ValyaIncognita	False
Johnchildish	False
coufinpata	False
BdLameF	False
CrazyinRussia	False
genevievinteuil	False
Penseamoislurpp	False
SatournePasRond	False
JeanPaulepanda	False
SarahDay93	False
JamaisTresLoin2	False
CapitaineFlam4	False
Sham_Rock71	False
Nini_MacBright	False
vec_plaisir	False
BlackMagicZurgo	False
__Asfa__	False
ClaudeNiclas	False
MonsieurOmega	False
luna06862980	False
GalakticPrawn	False
DieuMichet	False
thunder_rollin	False
WilSon85972287	False
Compte2Midi6	False
LaurenceRetA	False
Ignatub	True
LambdaPaul	False
cathpn	False
Froggydelight	False
GDeleur	False
AdrienFranque	False
SBO_mag	False
Lirographe	False
edgarmorinparis	False
xtolibaud	False
TrainTheatre	False
culturechallans	False
dfweb75	False
trianontransat	False
Bouchedair	False
CaLaugier	False
Relikto	False
MarcelFaure42	False
emmanuelle_81	False
Inafr_officiel	False
MotsSurannes	False
JDBeauvallet	False
EmmanuelLauren2	False
veronirique	False
NESLESmusique	False
sofiabolt	False
ForumLeoFerre	False
thbaumg	False
Km012343210	False
Apres_lete	False
IArthurPym	False
R2NChateau	True
theodoraaigina	False
photo5065	False
A__S__H___	False
MahaSlaoui	False
vinodkumarmeht2	False
gg8BfGUm0O02Hb0	False
xokotonto	False
AgrapidiL	False
pretty_just_bot	False
sharonspictures	False
yasa1k	False
goodenough_fu	False
RabalFrancesco	False
Evgely	False
Brad_D69	False
Jendrekan	False
Nata27Best	False
douxmiel2	False
Sasta24	False
Aleksan52094351	False
LifeIsBeauty0	False
ArianeGermer	False
_photo_BW	False
JuanEduardo6591	False
Petit__Rien	False
DeannGoss	False
kamalavathe	False
nauty_krish	False
KAMUI_ALONE	False
Angels_fall5	False
_fz6log	False
baacktheblue	False
HoganSOG	False
lvstkvra	False
mkolean3	False
teatrolafenice	False
Clingy_Cutie	False
SoulAnni	False
sanfte_worte	False
fiorellaschaus	False
CasaLettori	False
cxx9378	False
Gianarnaldo79	False
craigchek	False
DKougk	False
konstantina1190	False
PetkovicDusko1	False
Futura_Noir	False
PourquoiPasToi	False
AnnaPatt2	False
LevoyageduLys	False
efal_cat	False
unguideaparis	False
tapsakooo	False
MindFly_67	False
PMallagray	False
photographer678	False
OHYoshikiRisa	False
Unique_Abstract	False
Alex00762690	False
Hana_Lopez_	False
ParisAMDParis	False
aloisiaanja	False
KLovesNature	False
KoleanMike	False
adilando	False
AlbertoJor18	False
RocoRomich	False
xavierdaniel999	False
CristinPereyra	False
miguela92370585	False
_Scirocco	False
Snc_L4H	False
Demidoff_315	False
passionsdelisah	False
taniaa579	False
yianniseinstein	False
Bighead344	False
MAdeelIq	False
TLeoni311	False
baykaler	False
Silviadomi22G	False
9HUrne5nPVQ7p5h	False
Ostravadnes	False
bernard29440	False
SergioA60798547	False
sweetestvix	False
MikiMiyazaki13	False
McristyH21	False
spiros_komn	False
nataliepastor7	False
PIPIENPierre	False
carlitapolka	False
Zanabe13	False
UrbanGi64100750	False
LourdesXolvi	False
DonnaMarieWil18	False
JessePrize6	False
Sweet4Sweetness	False
silenciiii	False
Jhziqita	False
Annie_W_M	False
davess01	False
SbitnevaValay	False
Pavlo_UA	False
Cris61921593	False
PapamihailMaria	False
Barbara_levante	False
MiguelCalabria3	False
ageyp	False
memva	False
Matilde99101783	False
PrinceMots14	True
Anne5954	False
LaetitiaWilfert	False
AndreeBaril	False
ChambreRouge922	False
MauxPourMots	False
Lapanthere59	False
OGaignerot	False
K_Prisky	False
OPruntyPoetess	False
DanniSr8	False
MartenBjorkgren	False
laetirature	True
navanan3	False
BelPhilippe4	True
HenriSaladin	False
SyllViie10	False
berclazm	False
Trgmary	False
murmures7	True
Anna14Mor	False
penelopetweete	True
PPasqualinette	False
BleueEvelyne	True
AnnaBella_91_	False
LaureD33	False
lisadagliocchib	False
a_saba78	False
letittwitt	False
nightcall_66	True
laforgesonia	False
EricDubois	True
RTLFrance	False
f_lebel	False
fadouce	False
phparrot	True
ericfotto	False
pierrelescure	False
DimitriHommel	False
srongier	False
maisondagoit	False
Limportant_fr	False
jajacobbi	False
guycarlier2013	False
elaugerias	False
TellecheaW	False
regisjauffret	False
FC_actu	False
bouclierchrist1	False
G0rille	False
Gilsoub	False
EricNaulleau	False
BeschlossDC	False
AdeleVanReeth	False
Mediapart	False
LesEchos	False
JFGuyot	False
TelegrammeAuray	False
SchnockRevue	False
LeHuffPost	False
urlivernenghi	False
afpfr	False
BibliObs	False
vincentmonad	False
schmidtiglesias	False
tbarnaud	False
philippelabro	False
pierrehaski	False
chaussisfamily	False
HelbertFrederic	False
libe	False
sudouest	False
TalhouarnT	False
ldero	False
ngruszkiewicz	False
ClementBenech	True
bernardpivot1	False
CloChapuis	False
dhasselmann	False
josettehersent	True
depalacioirene	False
angelepaoli	False
franceculture	False
mxcote	False
JAStokesNJ	False
piquremoraline	False
Camel19759961	False
franceinfo	False
gwenenuts	False
Brevesdepresse	False
CheckNewsfr	False
Le_Figaro	False
acrimed_info	False
ChanPerco	False
LigueAuteursPro	False
carnets_web	False
claude_serillon	False
LucienSuel	True
Europe1	False
lilyinthewind10	False
ElaineAudet	False
ClCharpentier	False
BFMTV	False
Philinte4	True
1_Paulo_1	False
mornayl	False
foise_cosson	False
GarconsOfficiel	False
rglucks1	False
joparis7	False
encieler	False
mille_eclats	False
nicolasnibat	False
IrisBugatti1	False
CcPignat	False
palais_au	False
alicecoffin	False
IrenaBuzarewicz	False
ericmarty55	False
brunojp200	False
ANGECO7	False
ManzoniGabriela	False
artistgreco	False
Daniel_Red_Eire	False
OrloffTania	False
BertrandUsclat	False
ESM15683727	False
Equipe1erDegre	False
tristanmf	False
pchevilley	False
RaouxNathalie	False
janesweet_sweet	False
hstrag	False
Ksenija_Ksy	False
liminaire	True
larwoolf	False
grardcohen	False
_Carine_C	False
marinabontee4	False
AttendantNadeau	False
Cioranito	False
laPoezicdeVal	False
rabardeljf	False
BouDerLo	False
dbourrion	False
le_gorafi	False
AtimUlysse	False
seff_nathalie	False
an_conda	False
philippe_rouyer	False
Philipsmithy	False
MiawallaceB52	False
LaurenceFritsch	True
Projektile3	False
thomasvinau	False
ONU_fr	False
MondedesLivres	False
Passouline	False
amabanckou	False
ipagination	False
openculture	False
dossierfamilial	False
szabadnap	False
LuchiniFan	False
VWoolfBlog	False
JeanAbbiateci	False
CaenMemorial	False
OlivierQuelier	False
encephalogramme	False
joachimsene	False
JeanneCherhal	False
grandcorpsmalad	False
PvVavasseur	False
Centquarante	False
Sylvain_Pierre	True
mhajdenberg	False
sebastianjroche	False
AsmaMehnana	False
RCapucon	False
AffejeeH	False
30millionsdamis	False
Mediavenir	False
Moukmouk11	False
Bis_repetaJack	False
damien_leblanc	False
MFB44	False
Francois_Ruffin	False
VorAvel	False
CRE_SciencesPo	False
Mp97440	False
pat_laffreuse	False
davduf	False
corpsecrits	True
Stalec_	False
Invaderay	False
franceinter	False
FredSochard	False
duval27110	False
jpmignard	False
Portes_Thomas	False
phil_lombard	False
Poulin2012	False
chantal63	False
MartinFrdric7	False
ConconLouison	False
fondril	False
sirius1936	False
azocarjosephine	False
renald_prevost	False
L_M_Vin	False
BenMonville	False
AlexTaylorNews	False
MonseurM	False
Chouny111	False
mollusque75	False
francoisedegois	False
20320Vero	False
KDJ_SKK	False
S_francois1	False
lerman_alix	True
Alabandine_	False
CrepeyLaurent	False
AniSWISSarts	False
RtEnPassant	False
laudemarsss	False
casirni	False
SamTheDrecker	False
maisonpoesie1	False
fraveris	False
MuseeLouvre	False
oct1064	False
Dunkelbunt9	False
holdengraber	False
_mrs_saeki_	False
Jopolkadot	False
GrimardC	False
MaraRiv2	False
o_elixir	False
_Natalene_	False
MenschOhneMusil	False
vigourtcat	False
csermet2	False
independent1313	False
sbataillon	True
AnneMortier1	False
DoraLibellule	False
Titplus1	False
mvoinchet	False
ATrapenard	False
bertrandhadet	False
lemondefr	False
Marchelhibre	True
anton1955	True
FranceRugby	False
paroles_la	False
Brindille_	False
MarilynSpirit	False
mhlester	False
sloppjockey	False
coulmont	False
cellojuliahagen	False
Bettyxx84	False
wonderofscience	False
Antho_Repartie	False
coherence_e	False
ukiyoeota	False
AllBlacks	False
marcocarbocci	False
IrigoyenWilliam	False
SoMabrouk	False
artistgklimt	False
universal_sci	False
HWarlow	False
DinaBail	True
plantu	False
silentmoviegifs	False
MarilynDiary	False
DalaiLama	False
PetitTheatreJMP	False
NicMatyjasik	False
distractedfilm	False
PatrickLeHyaric	False
florencemehrez	False
carole_laure	False
latestinspace	False
NassiraELM	False
RikaInami8	False
femeninna	False
larrouturou	False
AsiyaMiya	False
BlackstarCorne1	False
igorpianist	False
restot50	False
FGalthie	False
ParisPasRose	False
LoicDombreval	False
ryunohane6_6	False
ET_Exists	False
ARTEInfo	False
AngoJehan	False
vvakatawa	False
LeoAuteur	False
AnaMariaOteroO3	False
AKALouisPoete	True
archillect	False
SabrinaLger1	True
ma_4lov	False
Rosedes24390647	False
VincentAvanzi	False
anotherblack4	False
son_bilboquet	True
Pangar_studio	False
ArtiShowDeNoel	False
Saraghina69	False
nouv_tentations	False
EbibiGlass	False
JPRhaiku	True
montalbanyi	True
MonLapinRoseX	False
gblardone	False
SamaelOrmesson	False
QuatreSoupirs	False
Faustruy	True
Gui_Billy	False
decirconstance	False
Bruno_Borat67	False
BrunFlorian3	False
noel_talipo	True
CHTIMIDE1	True
ThomasSpok	False
Darkpalmor	True
sweeteucalyptus	False
lepolymorphe	False
luciol1	False
DParoles	False
souriredefleur	False
gerantupal	False
hervesors	False
Nuittoile3	False
mot_apres_mot	False
PoesieActualite	False
Heriss28	False
NICOBILD	False
BornrtE	False
CudilleroPlume	True
maimepasviril	False
BadoglioMy	False
Eptesicus7	False
danylatour06	True
Caprice82965452	False
PantunSayangAFP	False
bab69_bab	False
chamouxlaurent	False
LdOptimistes	False
LouMiss_LM	False
soeurs_revue	False
FrsMarcotte	False
LePontCreatif	True
jipi_II	False
dkp_copywriting	True
editodor	False
LaurentAnONyme	False
ProfesseurBang	False
SugarMonkey0	False
jeansevillia	False
Clemelois	False
mimignardise	False
MateuilB	False
olivier_garcia	False
ThomasSotto	False
brunophg	False
peaudlapin	False
Rod___Serling	False
Palamede_Litote	False
FreshPrincessss	False
justdefunes	False
_n0name_____	False
SandrineAime16	False
jyleo_62	False
belganitel	False
MicheleLaroque	False
DidierRoustan	False
Thilium1	False
Coeur_Turquoise	True
raphaeldetrie	False
assiselafileuse	False
christi99830943	False
raj65025523	False
colmontserrat	False
ConteurDeNotes	True
_Mme_E	False
Verbum66	False
KindWildness	False
OBrother_op	False
AlexdeReps	False
ClerkofOxford	False
fred_manfrin	False
una_voce_france	False
neumz_now	False
seivollLachens	False
GregorianSwears	False
RexChapman	False
Sydogasy	True
baantoucom	False
CaroleGevaudan	False
jane72740508	False
Natresosoleil	False
AmilkarAlexand3	False
AuxComtesse	False
paschamo	False
Ann_Aurore	False
don_cigarro	False
yan_sall	False
Joel75926443	True
Paulo18000	False
jaylonewolf577	False
CarlaSaFe	False
Flora_Keawon	False
zoubyben	False
Dum_fat	False
Dahlia_clacla	False
SandraDulier	True
SauthierV	False
ibiza3000sa	False
JacquesMercier	True
Glade11070785	False
belkidris	True
fleur_ou	False
Marouss28776392	False
AineBelton	False
Karim69739447	False
SAVE_DAKAR	False
FatimaGaladim10	False
tarekbahaa1	False
BernardLehut	False
CyrilBauchais	False
SchuurmanFrano2	False
CalliPetri	False
estelle_lb	False
tlivres_tarts	False
DominiqueSudre	False
venise312	False
ConvertEliane	False
carlpineau	False
ngrundlinger	False
onlille	False
Fanchassain	False
fanfancoq	False
edTableRonde	False
Cadetsandrine87	False
Aupaysdesbooks	False
Arnaud_Laporte	False
myroques	False
daniele_StBois	False
GamezBravo	False
PrevotCecile	False
NinaChevalier10	False
lammusee	False
Petitmondedeve1	False
FracCentre	False
hcdahlem	False
outetin	False
arnanos	True
VinceJosse	False
josavigneau	False
LintimisteMedia	False
LVT_RTL	False
acritas29	True
FrancineBroka	False
BernieSanders	False
intwittoveritas	False
Quotes_PS	False
nikorage	False
VerseMimi	False
EsatogluR	False
DVManuello	False
EnfanceetCancer	False
GillesHommit	False
LaetitiaUne	False
LLeBlancAuteur	False
AlexaheinzeA	True
BorgHerve	False
PDansmabul	False
NynnJah	False
DeschambaultLea	False
EcrirePlaisir	True
JSoyeuse	True
MissMan99997565	False
jul_fontaine	False
ChristopheSibe7	False
Loveroticart	False
3sexual	False
fran_du_collier	False
amrenaudie	False
Cattley16674205	False
philoli68	False
Juste_les_sens	False
njeastman	False
Philipp10150716	False
unknownreazon	False
PierreComandu	True
poemesdujour	True
TerryandtheBirb	False
Fish1Milk	False
Le_Trema	False
caro_ligne	False
imhdream	False
Alyscamps	False
aldlatour	False
BienDansMaThese	False
dassa_ju	False
amaisetti	True
EditionsRacine	False
acesmots	False
LeSalonDesArts	False
brigetoun	True
JohnConstableRA	False
Monique35165455	False
MarieDOASSANS	False
van_strael	False
MomiraMonika	False
ccdelamarre	False
CaritaMaje	False
BastienMiret	False
catherine_ccj	False
JeanneOrient	False
AgriSkippy	False
FabyREVE	False
ArianeGrammat	False
BeatiteBeatrice	False
images_fh	False
leventquisouffl	False
reveusequibouge	False
treinasoque	False
SilverMaud	False
parismariefran1	False
Madamede07	False
theiaisos	False
aucoat	False
SandrineTolotti	False
EpXXtqzBO8f1TqF	False
helviala	False
Laucom27	False
madrugada_m	False
eclectante	False
DavignyAndy	True
fondation_me	False
TIME	False
JoaoGwadloup	False
AlbertLvy1	False
PhilThePoete	True
PremiumEdition1	False
gerdesilets	True
mat_schmaltz	False
Guglielminetti	False
Dounafa2	False
NotableHistory	False
yanpbd	True
Ibonoco	False
free	False
Teiram67	False
Le_Pofin	False
Paul6Rivard	False
Nokomaq	False
Memphisyall	False
buitengebieden_	False
nicoduretour	False
_aquariusmac	False
FinancesCanada	False
_aquariusPC	False
mmoreau78	False
zen224	False
Jean__Emard	False
Paul_VanDerMeer	False
WilliamReymond	False
RebelNewsOnline	False
realDonaldTrump	False
PizzaPizzaLtd	False
nypost	False
StarbuckshomeCA	False
TELUS	False
ilaporte	False
Lemicrodefeu	False
SteveTighe5	False
titodinzey	False
JacquinetJean	True
ABMichle1	True
BaiWenshu	False
PinteJerome	False
VWC_Writes	False
KatanaHugo	False
Germinal683	False
petitecantate	False
haikueveryday	False
Mimaxsata	True
BaleC59997426	False
1streetart	False
ritakahashi4	False
vlady_elena	False
BashoSociety	False
Zenon8703	False
JodyEaton758	False
elfiqueangel	False
laure06niceam	False
MariaGr35657554	False
VieSilYoga	True
Lhundroup	False
Fatiha70	False
ArkadiaVIII	False
Piranhazero	False
GDecoupigny	False
lafauvelliere	False
brunoleyval	False
BebuCesco	False
SdLIohXCBhNkc7Q	False
art4eva_	False
mim_i27	False
JacquyGil	False
pohhuy	False
ClaireCRaphael	True
hopoietes	False
GrandeLibrairie	False
ActuaLitte	False
ClaireBarbuti	False
Lysianne__	False
EstherSenders	False
poesage_27	False
TinadArnoux	False
annemar50566588	False
Collectif_VAN	False
LaCauselit	False
JonathanLacote	False
ccaf_france	False
contre_allees	False
Poezibao	False
GabyMouzay	False
cbabulle	False
blog_bazart	False
plumesauvent	False
juliegacon	False
guillaumekasba	False
livreshebdo	False
bibYourcenar	False
rabbidelphineH	False
CDevarrieux	False
fdevedjian	False
Knobel7	False
BePolar3	False
tolmajian	False
armenews_NAM	False
NDutent	False
danseur_masque	False
PoesieDes	False
EcritsdesForges	False
MDLPParis	False
4sanswebzine	False
LafonLola	False
NabilHicham6	False
KonbiniFr	False
twedouard	False
Dialogues	False
JulietteHoch	False
Lecrivailleuse	False
PiBenetti	False
Livresurlaplace	False
lesinrocks	False
JeanBirnbaum	False
MiguelBalle_	False
publienet	False
RevueEsprit	False
TewfikSahih	False
ValerieDebord1	False
Revuedes2Mondes	False
Babelio	False
AnthropeYolo	True
et_baam	False
AMaddy2	False
LeParisien_92	False
JeromeAttalOff	False
lezappingdupaf	False
SaraFreeGaza	False
anaN2B	False
mihoub_boualem	True
LaylaBe4	False
phenixtaw	False
Iebsianism	False
AndreiAndrei63	False
caro1205	False
victor_pascale	False
Alvyanekermoal	True
DeleosAmoelle	False
Chris_Lamant	False
lemondedarthur	False
Balade_Sympa	False
Senpertar	False
morpheusmozart	True
papyberthet	False
dimhoq25	False
MissPrunette_	False
Kari_Dzair	False
Papryka5	False
DkaleCrazy	False
lasosumav	False
so_contrary	False
wasowska_mag	False
SeenbyBien	False
jj3ooz	False
JeanMazille	False
JuleeResuggan	False
mi_truefaith	False
paintedIife	False
ArsEstHabitus	False
fallo_felice	False
Number__47__	False
GeneBro58636254	False
Alyson_b5	False
Sweet___Ocean	False
SenoritaSea	False
rafae078	False
BluebirdReading	False
ashlikesnow8	False
r_briggita	False
NegronPerdomo	False
Camille_Jeann	False
GuglielminaS	False
Burai_L	False
respinosak1	False
matsudai43	False
pe8744	False
gigi_dreamer	False
vf_designstudio	False
ombre_une	False
annie_zermatt	False
rvoneinem	False
2018Ria	False
lukas_corso	False
Soy_Luchick	False
MaryElle_She	False
cassandra_fede	False
KreenDream	False
Fanrizio21	False
gregchezz	False
Sand8826	False
antoinetteworld	False
hani68268572	False
missgreenalmond	False
ambra00683620	False
PierreBotte1	False
Absolute_Bowie	False
flor_ali	False
Marinette0813	False
BorisBastide	False
C_litteraire	False
AnaBolena33	False
pg2paloma	False
CsillaMikolay	False
leinoa	False
kpak0123	False
AGodyaykin	False
jhermoza2000	False
henk__heijmans	False
tohshiraw	False
pennycoho	False
v_rossouw3	False
loredanamascia2	False
cosmos_clara	False
franckwatier	True
PattyBal33	False
Bleunienn1	False
Fleur_deLune971	True
Amoraek	False
masammel	False
ThierryEnLibRT	False
Je_Pense_Tout_O	False
CERISE70044989	False
ZenAttitude1111	True
Ashille_ALEGA	False
laurentbaheux	False
Happycurien	False
Elyse41502544	False
AurelieArp	False
VeramyMathieu	False
AlamiLoine	False
OmahElvis	False
Marie31918177	False
picsArtistic	False
NaphtalineLeBon	False
NOuameur	False
BladeGrandert	False
LanteriBrigitte	False
LNA_Sura	False
uneminedecrayon	True
GUAL41	False
Giribot	False
OranzNaame	True
BfleurArpegK	False
piano_moons	False
JeanDornac	False
etxebarre	False
CludioDiazmeji1	False
saralegliksberg	False
en_residence	False
Bianca15048017	False
UNESCO	False
celestialsGaia	False
MonicaCarreo3	False
Stephanie_Arti	False
sansev974	False
PersischeRose	False
m_roffinella	False
Fleur_Cambodge	False
JapingkaGallery	False
Pymwater	False
IBE_UNESCO	False
ObsFournaise	False
fpbZeroZoo	False
kavishala	False
EthnoCloud	False
ArtsAtCERN	False
SadSandrine	True
tzohysjpn	False
Clarity2021	False
apophtegme	False
BremaMoatib	True
PENELOPPE192	False
GayKervens	True
PierredeJade1	False
Florio9	False
kamelbellatrech	False
91Thuggin	False
kinux31	False
mutaito14	False
emmanuel_vaslin	False
t0adscroak	False
etienne_cdl	True
greg_devin_	True
Ameriquebecoise	False
gnoir	False
Balbec17	False
AmeHuitre	False
gblanc05	False
LieuxDeSavoir	False
plinous	False
ConseilSupProg	False
Pattt974	True
BOhmabitch	True
JosetteJosett14	False
APonsonnet	False
ECharivari	False
necro_logique	False
FabienPalmari	False
OuaisCharly	True
TwogFr	False
Markarian_231	False
Odreynalyne	False
zazie83	False
burrhus12	False
BKamel	False
Black_Swaan__	False
BorgesEnBabel	False
cunu_off	False
frestagn	False
t_ffe	False
Loopsidernews	False
Minimaliste13	False
moorehn	False
Un_Bourguignon	False
laquadrature	False
lonnibesancon	False
Affordanceinfo2	False
Canardpcredac	False
vivelefeu	False
CP_Cnu	False
Gjpvernant	False
d_schneidermann	False
isabelleboisier	False
ArnauddMercier	False
emotionlocation	False
N_Henin	False
AnttonRouget	False
Maitre_Eolas	False
SylvainErnault	False
DocArnica	False
ltdla	False
SamuelHayat	False
R_Anniversaries	False
JulienGossa	False
exesdotexe	False
nivuniconumais	False
fubukiyoshe	False
moodvintage	False
Tintamarre6	False
75_belkacem	False
dark_star_71	False
fmrfij	False
Chlorophylienne	False
dedelajoie	False
miss_petrocelli	False
ulyssepariser	False
SilkDharmaArt	False
JeanEdernH	False
lesnulsfr	False
RapsByTuck	False
paul_vacca	False
legrugru	False
Laelia_Ve	False
Twirlan	False
Vilain_Pabo	False
morelexplo	False
BrownStanislas	True
ARTEfr	False
arkokabi	False
EmmanuelMacron	False
mithrilmaker	False
RacletteBagarre	False
FuckAPrince	False
SoBusyDear	False
RitaRenoir	False
LInspirales	False
KDeterme	False
Samparlebien	False
aludelles	False
__Kanzi	False
JamaisTresLoin	False
Florence1106Flo	False
Johan1601	False
nanougribouille	False
HMutien	False
Qwant_FR	False
saint_mumu	False
kiarolasticot	False
miss_snooopy	False
chaxou11	False
PDelwit	False
Satellys	False
zazlazinz	False
EtienneBoillet	False
BoiteDisques	False
AuschwitzMuseum	False
SolitaireOurs	True
Tate	False
BonsGenresBot	False
GroinGroin_Co	False
AlmaVermoulu	False
Gendarmerie088	False
Monpsyvite	False
Keraban_	False
CanadaPaintings	False
sucette__	False
inthemoodfortw	False
axelkahn	False
the_real_jerome	False
LPOFrance	False
EvanSmith2	False
MunaNawabit1	False
LostInFilm	False
LeCandidatron	False
LeCuisinotron	False
justineducern	False
mompontet	False
ErinaceusFrance	False
ordurebizarree	False
Jehanlb	False
FranziskaMarti	False
ElliottBlackwe3	False
Journartemis	False
dweillFaurecia	False
peltiermat	False
dawnclark6	False
amnestyfrance	False
ThisOldManLuke	False
Fadhlaoui2	False
MlleBeadle	False
tatoueeliberte	False
kinkybambou	False
princertitude	False
tagesschau	False
RaveaudGilles	False
ProfSansFiltre	False
EnModeMacaron	False
JulietF0rward	False
leprofdeletre	False
didierjodin	False
zacal33	False
LaCroix	False
Oxbri	False
proustianbows	False
LeGrosToutNu	False
Petit_Prof	False
ClaudeMoniquet	False
flamross	False
RenaudTarlet	False
Pauvretype2	False
volkmannschluck	False
SalmonCs	False
elieguckert	False
PSchydlowski	False
l_frajerman	False
stylos_les	False
NZadourian	False
CelineLST	False
PiccoliAlain	False
ellensalvi	False
ZerrinBATARAY	False
JeromeCalvi	False
MimaLewes	False
IAmATwoaster	False
leavemeificould	False
PhotosHistos	False
FreddieCampion	False
IlyassAmharar	False
jsaispasquoila	False
marcfly01	False
chaoticpunk_	False
papillecaramba	False
PhilJamesson	False
RespectfulMemes	False
MaxiMaxime	False
Guy_Golo	False
claradealberto	False
MVCDLM	False
ChezUnter	False
L_histoirien	False
Cyclopahtne	False
degre_premier	False
ashhhhhhole	False
le_sensdesmots	False
FredericLefevre	False
MackenShane	False
richrix	False
markysumm	False
PleaseBeGneiss	False
Steph_tweete	False
decentralises	False
Royaume_Inverti	False
LouisWitter	False
Telvazu	False
CultureCrave	False
Arielrresto	False
RemynouLeChat	False
Alex_Mbz	False
GPoPesie	False
lizzybrynn	False
princek3v	False
ingridzerbib	False
AfterMalone	False
enraje	False
elegyparks	False
IllumiReptilien	False
Rachti_	False
RadWizzy	False
Super_Marabout	False
HorseFigaro	False
WildSiphon	False
Webber219	False
midpatkey	False
Abdokro	False
Frau_Rohr	False
augustinfern	True
cavousf5	False
berna_leon	False
guybirenbaum	False
fandoetlis	False
GrandAction	False
Le_Pacte	False
PDufreigne	False
mikabuch	False
HellemontJules	False
Ma_Pigache	False
Roxane_Obadia	False
BotRecherche	False
clemi_nice	False
Microhistoires1	False
BotFutur	False
prof2tec	False
lvighier	False
Lise_ob	False
LaurentLagache	False
JakutaAlika	False
MlleMarionB	False
isafil	False
jmlebaut	False
LeRobert_com	False
Gafdhi	False
Kunstreiz	False
CelineThiery	False
Amour_Valerie	False
yaelboublil	False
FCahen	False
nadiabouce	False
valgou26	False
LitvineLorraine	False
prof_leloup	False
frvaillant1	False
LindaRomeo_Mtl	False
NicolasJoray	False
Elisamuze	False
MPignol1	False
RousseauAgnes	False
helenepaumier	False
vergnes_p	False
vivianeghesq	False
MarCandea	False
Btilloy	False
Marie_henry_leg	False
Profdupoizat	False
phwatrelot	False
AndeP64	False
ProfFeynman	False
mikedave06	False
BachimontR	False
scrntoenen	False
eduscol_lettres	False
KrasnaSandor	True
AmisDeProust	False
patrickpicard	False
BingeAudioFr	False
Baret22841291	False
misslezard	False
drmlj	False
Hugoline2	False
cmtehcip	False
nimentrix	True
Cecile_Duquenne	False
LloydChery22	False
ArgyllEditions	False
denosnouvelles	False
feralvenefica	False
maybeegreen	False
albabbgg	False
GeologyTime	False
_kness	False
csalomonautrice	False
Eless_Maneeganz	False
HebdoCubes	False
FolkloreThurs	False
CorlaixVincent	False
enodiaperseis	False
julie_p0	False
PierreGrimbert	False
J_Lachasse	False
ericallard4	True
DBillamboz	False
graciabp	False
AnecdotesMaths	False
LefevreWilly	False
AurelieCM57	False
JPhQuerton	False
guy_duplat	False
Emmanuel_microb	False
LaurentEric	False
DameClicquot	False
OTerwagne	False
ROGERSALUCCI	False
MichelStDragon	False
BeatrixDessin	False
ch1ka2ya	False
l_Pierre_l	False
IBeaumanoir	False
sansbutaucun	False
artistmagritte	False
idclrWorldPeace	False
MarieDChevalier	True
BmyRicardo	False
womensart1	False
clinsdyeux	False
bitsofsaturn	False
Jul_Atarax	True
voletsouvers	False
Sophie28B	False
astropierre	False
borisdunand_	False
SmetsRudi	True
AnneLaureJ	False
AntonyAulin	False
MinistereCC	False
ReseauMorphee	False
sacha_stellie	False
Fleuve_Editions	False
radiofrance	False
Psycom_actu	False
labdeshistoires	False
clubdesindes	False
librairiemollat	False
fredgasnier	False
neuromancien	False
demainlaveille	False
tendancesveille	False
OlivierBourges	False
ArchimagRedac	False
laBnF	False
Anthony_Etherin	False
sonic_witch	False
MarlenSauvage	False
ESchulthess	False
Chemintournant	False
barbarasoleil	False
selenacht	False
gillesMioni	False
jean_yvesf	False
proustonomics	False
EditionsQazaQ	False
_chsanchez	True
PRESSENEWSREM	False
JacquesBonnaffe	False
nanochimeres	True
curiosiboite	False
Colpizen	False
k_tastrof	True
G_Tetreau	False
QDaveau	False
Sappho_littera	True
catpogonat	False
VendrediLecture	False
LaCieDesOeuvres	False
Jazz_Club	False
sergeJONCOUR	False
Ton_Bernie	False
_anyali	False
alexkimtran	False
EditionsDestiny	False
coollibri	False
rocher_denis	False
Alabama_So	False
cilou187	False
PaquelierGilles	False
Dechartres1	False
donnerdusens	False
potirone	False
secretshistoire	False
Sapphonye	False
corinneco2	False
martineau_fred	False
AminaIdrissi1	False
1sereine	False
labey_vie	False
nikosaliagas	False
franceinfo_cult	False
BescherelleFR	False
doctroptard	False
RTBFinfo	False
GeorgesGilkinet	False
Khayat_Fouad	False
rtlinfo	False
_JeanSeb_	False
crowdfarmingco	False
TouitouFred	False
SoniaBordeaux	False
swedgang	False
ventespubliques	False
bruno_ferron	True
OlivierBabeau	False
Charlie_Hebdo_	False
BoomerangInter	False
LaurentNunez	False
PLemaitreAuteur	False
aveyrann	False
dohouatt	True
6Savane	False
E_DupondM	False
Petit_Horoscope	False
KekeTella	False
olivierveran	False
TariqRamadan	False
VarlanOlivier	False
Scorpion_horosc	False
RFIAfrique	False
jjcambier	False
Lolitadeperpi2	False
FranceenSuisse	False
legraiso	False
MIANSEH	False
i_m_EriKa_	False
auboisdormant9	False
darklywhispers	False
sweetbrunet1	False
_risiluna	False
0rarefantasy0	False
___June______	False
3hr00am	False
utktun	False
HareYorkshire	False
annecury	False
WaltzGarden	False
ChupinRegis	False
Astrid16318158	False
BCoquillage08	False
madeofpoems	False
studioarchbasi2	False
TonyThePoett	False
pallavi31	False
rachel4444	False
birdheartedgirl	False
datura_noire	False
deadpoet______	False
abiesinked	False
SarahMHarding	False
Ternura4444	False
ImuraJohn	False
AmariAdrianna	False
OmbreSeld	False
Euphrasietweets	False
MonteSeesAngels	False
flaccidiocy	False
VVanGone	False
jotWeigelt	False
ScarletMusings	False
WingsOfLove21	False
BigeniBruno	False
yasserjumaa	False
Clover51531763	False
mlqc77q	False
Federica2151	False
_KateAshton	False
evecullen610	False
MDITERRANEE	False
sugarspice2384	False
earthcurated	False
alois_holzer	False
ArrowsEros	False
artelle22	False
InkQuill3	False
Lord_n_Master	False
bellarosa000	False
Pentagraphic_uk	False
Simplement_____	False
TheFinalKeeper	False
beautifultejas	False
RemainInLight_	False
Loverdesart	False
lebowskigurl	False
jeestunavatar	False
Nerudaearth1	False
ambientabbot	False
DelaplumeC	False
PatrickGure	False
_Doux_Maux	False
Ouly05404755	False
Lafofe26	False
ter_lotte	False
Metissaz	False
KBakriya	False
Mare_Serenu	False
RoseDeS21126352	False
larcheannie	False
BreitThierry	False
swetlondon	False
PATTYCIA1957	False
Isa_Leah	False
Solstic45537830	False
FabienneAlyssa	False
Jul_Vernier	False
RigaineUncle	False
MissFaitPaChier	False
odilon66	False
parfumsdefemme	False
SandZaraA	False
franchutingrid	False
olgatuleninova	False
dahut07	False
JeanneReinhart	True
catfan57200	False
limon_jaime	False
CassinDe23	False
ANASTALYA	False
LisaLsalinger	False
vivi7244	False
JosetteJ1	False
papounay3000	False
Laets63	False
arthedone	False
T_Fiolet	False
cinemathequefr	False
lioventurini	False
JDharmaQuotes	False
docisa33	False
KristelBERINGER	False
cathyCCa	True
Chia1774	False
blossoming_soul	False
Just_pinkfloyd	False
MarieTruang	False
just_meelle	False
meth_zo	False
Figaro_Live	False
RomDominant	False
AmineleGentil2	False
alice60404460	False
michaeldean81	False
MyArousingHeart	False
SylvieLautre	False
neversleeps29	False
AjAdeline	False
rose77_blue	False
jefferybme	False
incharmuese	False
paulocoelho	False
foreign_Gman	False
AnaisNin546	False
tiny_star_field	False
p_bischetti	False
o_exacoustos	False
mayama38	False
LeVraiHoroscope	False
science_et_vie	False
idillionaire	False
DaniellaC_76	False
isela1716	False
emily1215225	False
CatherineBeatr4	False
un_chanson	False
Artudacamelot5	False
AhmedAlsaady_	False
SexualDaiIy	False
GryfondStars	False
trou_blanc	False
EauGit	False
BFleurot	False
Adam15889407	False
Aarkan_univ	False
m77481070	False
EllaNuma12	False
malelyne	False
ibi2714	False
chbormans	False
alegnastephania	False
Clia8881	False
dambre0502	False
brigitt81690804	False
scriberelegique	False
nick_nitro_x	False
antoniofolgado2	False
ButterZaddie	False
bng2617	False
Mick40ans	False
var223	False
BermaoAbder	True
abcetici	False
LianeDesegur	False
FlorenceGanesha	False
Marc23Olivier	False
_Bicicleta	False
Entheosias	False
MostlyFrozen	False
Chandra12672	False
jlints58	False
parisienne64000	False
DELPHIN65098810	False
trilingue71	False
ksjdreams	False
caudron_jacky	False
Holdseligkeit	False
kayanecheyenne	False
meimei_817	False
julieparisjapon	False
hydra_66	False
emel0371	False
ChuckBerry50s	False
Celadond28	False
2q6QyWkXYMrPCg9	False
MarieLou_66B	False
YSA__O	False
5I5aKuV7Y4qh6Nk	False
moustic74	False
curieuxduJapon	False
NamiasRobert	False
moitessier19	False
ff_ecriture	False
griffonnageora1	False
NadiaBk11	False
ericoolopez	False
yvouchou	False
ckris_2b	False
FXMoronval	False
PardueSuzanne	False
humm_julie	False
Motsroses1	False
CestLimou	False
SalihElyedri	False
cranemtn	False
Fuzl96659660	False
BellaFlor90	False
Marinella2Ab	False
HollandoHugo	False
marceausophie3	False
calou77650	False
leilalilas4	False
HerveTiss	True
vickypoesie	True
Eve_Castle	False
PimentBlond	False
Ombre_Blanche_	False
oceannejoy	False
ImoresCesare	False
Lady_Green_7	False
llligiouxxx2	False
GuyaderHerve	False
lagrandedeesse	False
viemavie007	False
louipoete	False
ColuchePhrases_	False
bemmanuel144	False
Titas37	False
ArdentAurore	False
Halim37407226	False
DaftpunkXo	False
mhall55nine	False
shahmukesh012	False
n4chtsonn3	False
bangil1173	False
ChrisSouthwave	False
input527	False
Naturanotitia	False
Hina__Rang	False
7188I	False
ysvFuMco0I7t0qW	False
kawakamitakeru	False
ImagesDes	False
MiracleSeeeker	False
lEspinayJ	False
arianna1910	False
Evasion2011	False
Bozon2xBozon	False
MG19491956	False
BaszMM	False
sardarsaz	False
L214	False
lost_watch	False
Pca42	False
MCDragne	False
wang_xiaolu	False
DeloinVital	False
gauze1982	False
MARIANNADADDIO	False
rueadinfinitum	False
vs_ch12	False
North2SouthInv	False
lemaillardpoete	False
alfredalgralu1	False
jbond77	False
wojkob	False
ivan_bitter	False
11myart	False
jmyanguas	False
CsuhaiAntal1	False
andrey_boytsov	False
BlueDiaphane	False
INREES	False
ale092019	False
wirthstef	False
ReclusElysee	False
kosztanadi	False
benoistart	False
sinturetina	False
veroni_verona	False
RefikER34	False
abraxas1117	False
MikeDoylePhotos	False
vinee265	False
mabobine	False
BiancaCrobe	False
CoquetteEric	False
MagooMonkyd	False
HiroshiSatoh7	False
at_oasis	False
atatenea	False
LucaCuesta6	False
interchu	False
derelierre	False
et_violoncelle	False
SuzanneGervais	False
temple_du_haiku	False
FeysMaurice	False
laizet2	False
IsabelTriaureau	False
neotvofficiel	False
TravelCuddly	False
Libre2L	False
AnnaKoret	False
JavierToldos	False
gasclaurence	False
carmedonnafugat	False
Prosevesperale	False
AlbinMichel	False
45YSiB8GweSgBuW	False
Mendoza_Maldita	True
humanite_fr	False
ApelMuller	False
Anne_Hidalgo	False
PierreChaillan	False
PCF	False
Humaginaire	False
elOrdenMundial	False
France2tv	False
mdiplo	False
teleSURtv	False
Fabien_Rssl	False
DiazCanelB	False
Rosamoussaoui	False
publico_es	False
ARTEpro	False
AOC	False
EFEnoticias	False
evoespueblo	False
Granma_Digital	False
LinaSankari	False
CentrePompidou	False
infofrance2	False
abuelasdifusion	False
minsilizanga	True
DzaleuC	False
PseudoLuce	True
MeredithIreland	False
GretaThunberg	False
elonmusk	False
LifeInYeshua	False
iciradiocanada	False
issa_haiku	False
TeijoLeppamaki	False
Ile2S	False
lepetitportcord	False
jacqueslevesqu	False
Cl_Worlds	False
tatianaderosnay	False
I_M_NOBODY27	False
dderivery	False
pkpas67	False
SteveSteverob	False
AllardcoletteA	False
FranceHenri1	False
aninave	False
giselemorin1	False
ZenMorin	False
AurelieLesage	True
cargodusoir	False
LilyBartWorld	False
SandrineTreiner	False
LaFlibuste_Lib	False
Dali_	False
SGDLAuteurs	False
cloporte1111	False
anajanlila1	False
MarianneleMag	False
DannyDutch	False
Grand_Continent	False
Guill_Mazeau	False
presque50	False
Jeandamerique	True
Gaelleactrice	False
CamillePradon	False
lousarabadzic	False
citedesarts	False
KayFanmAyiti	False
Proprose_mag	False
Theatrales	False
SUNYPress	False
jenbenka	False
hfeg54	False
HotelOloffson	False
emmadouyon	False
ComeauMagali	False
Tisaksuk	False
OrelusRoodsJr	False
UNFPAHaiti	False
Guillaum_Richez	False
JoubertJoseph3	False
ChrisGeraldine2	False
AmbCanHaiti	False
Neges_Mawon	False
La__MeL	False
jallenpaisant	False
DeciDela75L	False
DimLi_Art	False
nou_pap_domi	False
impactarythme	False
JRichWords	False
WideAnie	False
Kvalcad	False
ldrlak	False
garry27assad	False
RaynelEPAUL	False
brifilstanleley	False
iam_stanlouis	False
LoqueUrbaine	False
Espritvagabond_	False
badio___	False
DizeNathan	False
ELPofficiel	False
Ameliebaron	False
THOMAS_Milanist	False
PascaleSolages	False
ElKhalil_D	False
SaniteBelairr	False
papposthaiti	False
GUEZZ109	False
beathino	False
AssociationKIT	False
CSSUdine	False
DezardAlphee	False
ilya_poet	False
CETRI_	False
KaoutarHarchi	False
OrpheoNegra	False
jamesNoel20	False
ActesSud	False
AAWaberi	False
dheissler	False
Ileenile	False
presdl	False
monRHamoi	False
Widlore	False
GessicaGeneus	False
PecqueuxA	False
EnLisantBaka	False
nationaldefce	False
khalidlym	False
MathieuTouze	False
Medinrecords	False
IntranQuillites	False
CaribTranslate	False
transepoetique	False
IFParis	False
Kath_EJC	False
Tiger_fra	False
otolokayiti	False
Sailor_Flo	True
Rachael_Conrad	False
_dancingq	False
trvcyz	False
effies	False
jameelajamil	False
rothkol	False
IsaBauthian	False
PocketImaginair	False
johnjarrold	False
DarkVador_Off	False
ThomasGeha	False
heartloafs	False
hayatohuseman	False
akidearest	False
_MollyBloom	False
mag_gouille	False
JackxParker	False
lejaponparis	False
cal0re	False
KhalystaF	True
lerenarddore	False
Mois_imaginaire	False
StephenKing	False
hugfon	True
japanizar	False
RandVFoundation	False
MorningAfrika	False
rasabelassefa	False
Pimpignole	False
vivian_petit	False
francemusique	False
GrandonCamille	False
hautsdefrance	False
CMarcandier	False
philippejuvin	False
Stef_Burlot	False
MaximCombes	False
enoitan	False
GallicaBnF	False
B_U_LA_C	False
BalanceTonMedia	False
MeraviglieOra	False
NouveauCenacle	False
page_alexandre	False
djaihanne	False
holderlin94	False
A_Artaud_	False
MDChevalier1	True
cath_perrin	False
florenard13	False
AndHecate	False
LibresEcritures	False
mireilleda1	False
VIALONSeverine	False
nemiter_	False
kulturtava	False
trsgrob	False
AnnnnaJo	False
CryCrowd	False
fatdogsfrance	False
KaceyKells	False
LEPETITBOUQUINI	False
alhanda	False
MarkAnthonySm16	False
ScozzariFrank	False
ROSELIN26301461	False
beatriceLBB	False
GregBerthier	False
Martinolli	False
SgeDeres	False
d_ustyanowski	False
FelixPeyrat	False
ab_conseils	False
nothingbut66	False
verofnr	False
M_Cobbett71	False
GlowstoneKatie	False
olivierdecese	False
71Temps	False
artispolitical	False
WeissJsw819	False
neoverttun	False
HababouZoe	False
AurelieCM	False
Catherine1R	False
DenisMorinMots	False
SophieLimAuteur	False
MyricDrane	False
AidanFoxAuteur	False
OliverKrauq	False
EnqueteMartin	False
castillo_fierro	False
DesLivresEtMoi7	False
AlexandreRabor	False
audreyverro	False
Daryl_Delight	False
MarjouLev	False
HTavelleAuteur	False
PlumesduWeb	False
CamilleLacroi18	False
tine055	False
editionslaptit1	False
lauregombault	False
nazairejessie	False
blog_garoupe	False
SCHMID_JONAT	False
jeffjoubert	False
jgmacleodauthor	False
carinelvpn	False
LisetteBrodey	False
AbbyGreeen_	False
ByKimysmile	False
lynseecf98	False
bleumalt	False
VincentL40	False
mirianagrassi1	False
komasafarina	False
lastvibes	False
venezia_56	False
ashleyspirals	False
ramblingsloa	False
SparkesPenny	False
lellaperra	False
Kate44062	False
FilofLif	False
SvetlanaKisely1	False
Apostrophe99	False
DraganVavan	False
EnArteGaleria	False
soissonschris	False
mairn_pap	False
semrasevimli44	False
aphoristikerin	False
AnyFeelings1	False
AnneBougret	False
MatyldaStein	False
deryainciderya	False
raafat_saleh	False
stjohnsphoto	False
am28mi11	False
KarinDrunen	False
SandroBrizzola4	False
nnnnonnon1	False
NooMoakk	True
FrMonsterHunter	False
monsterhunter	False
SaraAlfageeh	False
PlanetZooGame	False
beneeski	False
mistermv	False
MisterVonline	False
ZeratoR	False
ohredapples	False
cosmelucero	False
PrehistoricK	False
Swiiggiityy	False
SethEverman	False
Tooth611	False
samtheyang	False
PKBohan	False
TheAndrewNadeau	False
BannedDino	False
beanynne	False
micahulrich	False
evergreenqveen	False
AlixBigan	False
Viiperfish	False
AnimeVibxs	False
lvcas_kun	False
Tsukiko9	False
leffy62z	False
EmpireElmz	False
NiniWanted	False
MaxLaperouse	False
DeviantArt	False
AlphaCastFR	False
GhibliPose	False
MHinfo_en	False
MechBird	False
docteurbagarre	False
kilall16	False
tuCpakoa	False
LeTropeur	False
nywolforg	False
Cosmiichi	False
LhMess2	False
RaisonPablo	False
Steampunk_T	False
Warcraft	False
dodo	False
TheCutePlug	False
CorridorDigital	False
W_Chloe	False
Sytarie	False
NatGeoWildFr	False
Tech_Lancer	False
TDS_Peppo	False
AvatarDomy	False
Tilah	False
AestheticsJapan	False
ZEventfr	False
SamSantala	False
Collabblues	False
Ryo_Saeba_3	False
aevanko	False
DinsaiS	False
mh_land	False
FabulousWeird	False
Makan_Gilani	False
NoMansSky	False
OceanWise	False
FishOceansCAN	False
valmasdel	False
EliasLeRetour	False
_8bitwizard	False
tobiostars	False
sheehaniser	False
BotDuCul	False
min_minstery	False
lestertusi	False
Carapace777	False
chrishemsworth	False
dev_dimanche	False
NatGeoPhotos	False
MarkRuffalo	False
neurosocialself	False
sylvainsarrailh	False
NetflixFR	False
kwilli1046	False
DreamlitGames	False
TopDesTwittos	False
Casual_Caden	False
JudgeHype	False
tatiilange	False
monya_sk8	False
Slasher	False
Fabrazz	False
theanimeboiis	False
snakepixel	False
SuperBiscotCOT	False
serafleur	False
terracid	False
ImSoFresh_K	False
NicolasKoch76	True
Rocamboleapp	False
Le___Doc	False
nathanpsmad	False
MrSam144	False
DeSaxus	False
BlackBookjdr	False
Loevenbruck	False
MonsieurTouff	False
benjaminlupu	True
heidi_news	False
CAudigierValett	False
BxlIris	False
gforestier	False
crouzet	False
story_nerd	False
marcais_olive	False
laurentfillion	False
Phanto17	False
CamilleGaubertb	False
AAstierOff	False
docprimum	False
DocPepperFR	False
La_citoyenne_se	False
BenThev	False
so_sroy	False
LehmannDrC	False
FZores	False
HafidAggoune	True
manuel_candre	False
Leon_Marc_Levy	False
BrigLoCicero	False
TObourdeau	False
alexandre_comte	False
PrixJulesRimet	False
NicolasBaverez	False
Ed_Flammarion	False
RedStarFC	False
p_rhizome	False
EllenLWeintraub	False
MariannesNoires	False
joannsfar	False
vtongcuong	False
ChattamMaxime	False
AlexandreJardin	False
GuardianBooks	False
PenguinUKBooks	False
amisdelaterre	False
LibCharybde	False
PlaceRonde	False
RichardBerry	False
Leonard_Bangkok	False
jmblanquer	False
IGN	False
EdJoelleLosfeld	False
brutofficiel	False
GeorgesLaura	False
LFPfr	False
394Histoires	False
_MDT_	False
Gallimard	False
saint_etienne_	False
demontaignetan	False
PublishersWkly	False
OliviaElkaim	False
greenpeacefr	False
Lisastrale	False
thrashermag	False
DEFAKATOR_Off	False
Freddeghelt	False
Arnovialle	False
FaberBooks	False
lithub	False
aspide_l	False
OnlyFilmMedia	False
sophia162779000	False
Letheatrecritiq	False
AureCasse	False
LeCNL	False
Cerrone	False
Todogtiaw	False
ARosencher	False
AmandaSthers	False
TeaPainUSA	False
Sombrefeline	True
Feys_FancyDoc	False
hydralune	False
marie_tinet	False
Proustinienne	False
becat_erina	False
FantasyFaction	False
jhedoux	False
_dieuoff	False
mickael	False
Syven_mondes	True
warlock_wonders	False
Brest2LC	False
BeaulieuBap	False
cindy_vw	False
CamilleBrunel	False
MarieQuetier	False
LesAventuriales	False
Gabriele_Corno	False
VinceJarousseau	False
SignsFun	False
florencehinckel	False
GMeurice	False
RemyBuisine	False
AA_Avocats	False
Coliandre	False
BenedictTaffin	False
AlienorPioney	False
fabricearfi	False
NicolasQuenel	False
coastal_eddyLB	False
FLAHAULT	False
Becky_Prauquo	False
GephyreEditions	False
Onirography	False
HamillHimself	False
SimoneGiertz	False
NBCoste	False
FlauxCelia	False
benswart	False
LyneObsessions	False
Janet12358W	False
pedrosa_cyril	False
PapayouFR	False
Nain_Portekoi	False
Crazy_autrice	True
conklin_alexis	False
EstelleFaye1	False
shelbylcole	False
YuikoBooks	False
ShirleyJOwens	False
carolinedehaas	False
silya_liya	False
BettyPiccioli	False
farghie	False
Saefiel	False
Crowdagger	False
benyahr	False
EmmaGrant_01	False
Limande_soyeuse	False
louisameonis	True
TheLovelyTeach	False
CollectionEt_H	False
lunarthemis	False
EdHauteville	False
SH_Addictions	False
SongeD1NuitDete	False
lamalleauxlivre	False
VoyLitteraires	False
Emilia_M_P	False
flowflow29	False
eschapasse	False
girlyboox	False
harlequinfrance	False
eloradana23031	False
cocobouquine	False
Julie13_lcb	False
SongesEcriture	True
TextesalaPelle	False
MondeFantasy	False
LibrairieJP	False
Bluebelly	False
reliqueseon	False
Samanthabailly	False
scribbook	False
Suzanne_C_Wery	False
StephenKingFr	False
Jo_RileyBlack	False
ImaginAsso	False
LAncriere	False
Charlydelacour	False
Meloufee	False
REsther10	False
JDHEditions	False
plumelydasa	False
Fourmiztory	False
EllaSawyerBook	False
CommuAuteurs	False
Sian_Odsyn	False
LovecraftFrance	False
DeCalame	False
Delf1983	False
malo_debraq	True
Lire_ML	False
jandralee	False
MariaDallavale	False
LauVinzaresa	False
FDennisson	False
OLitteraires	False
OBS_COMMEDIA	False
RomanFantasy1	True
NEWAmabooks	False
pitchseries	False
Domonivo	False
WorldKnownledge	False
FoggyBunneh	False
JulienPaschetta	True
AislinnTLawson	False
DelannoyEmeline	False
efferusastrum	False
gabonnefont	False
LeCoindAudrey	False
LalexAndrea	True
nantesfr	False
ValeriaAugusta8	False
futurasciences	False
onlinegrapes	False
Sophie_Gourion	False
NigelInEgypt	False
Tris_Lab	False
Lucius_Gellius	False
PRland	False
HarounAlRachid	False
DoublureStylo	False
GirlFey	False
nice_fictions	False
ClocheEmeric	False
Benazdia	False
NarudaaArnaud	False
DavidGab_	False
M_Gadget_	False
JY_LeGall	False
mricharddeckard	False
MuseeOrsay	False
AudreyBurki	False
sororistas_	False
TechSpatiales	False
eva_gril	False
jeromelambourg	False
Irisvel_	False
hourlyFox	False
jonbernhardt	False
booly2b	False
Alextrxm	False
WorldAndScience	False
jolune_m	False
adepetigny	False
lucbronner	False
mvtcolibris	False
PascaleFaKLNR	False
Hycarius	False
MediacitesNtes	False
lecosmographe	False
Gouximan	False
le_Parisien	False
Latalante	False
Padre_Pio	False
papilles	False
hugolisoir	False
TOMHTML	False
qwertee	False
jardinsvirtuels	False
UnMondeRiant	False
Adrien_Lecont3	True
394NuanceDeSev	False
Hvnnart	False
AHennicker	False
Teachersilvert	False
gaeko_san	False
spaceorionM42	False
_stevewills	False
Leastrid	False
WENDLINGauthier	False
avestrit	False
Merryweatherey	False
TreyZKatorZ	False
LocksyBe	False
JeromeVialleton	False
laetitiac29	False
ZaraUzumi	False
hungry_B_cat	False
MoikiStories	False
Laura_Rahme	False
francksydney	False
KhadijaBenhamza	False
nellyScreamy	False
ChildHarley	False
Allester83	False
pal_licorne	False
ArchiFascinante	False
th_guillou	False
DidierLeNicolas	False
ConanStory	False
Asodi_23	False
MissRedInHell	True
gematsucom	False
ottoromanzi	False
LockeeFr	False
PFreminville	True
MichotClaude	False
antalmos	False
CedXTA	False
PourlaScience	False
KeoTauteur	True
pebramauteur	False
RobertGForge	True
culte_d_apophis	False
CGgldio06	False
PerdrixSimon	False
ZesteDeScience	False
Telerama	False
DesienneAuteur	False
DoomyfloCrochet	False
AllanBARTE	False
LeslieBoulay	False
Lealzri	False
ACBM_COM	False
Arion80	False
Unpied	False
Editionsdu38	False
Vanahol1c	False
FannyRuelle	False
miliemelo82	False
juliemorinrivat	False
CaapAuteurs	False
ParoleAuteurs	False
allontheboard	False
dank_left	False
WholesomeMeme	False
akaracthe	False
Lunarbaboon	False
JeremyHaim	False
LeBondyBlog	False
Doomy_flo	False
tlkateart	False
ElpisEzechiel	False
UFCquechoisir	False
CSMFHT	False
sarahsolfails	False
mashasexplique	False
Aharryhausen	False
falican	False
NoirdAbsinthe	False
CharteAuteurs	False
30somethingnss	False
116000FRANCE	False
mementomaurae	False
MaitreMo	False
MicheleDevernay	True
Rose_P_Katell	True
Justine_CM_	False
SerenyaHowell	False
MesdamesDuc	False
nyxisnyx	True
JulienHirt1	False
Bleue_nn	False
HerrVilic	False
Karole_Sch	False
AlleeDConteurs	False
CommunauteMots	False
CoralieRaphael_	False
Gnucki_SFFF	True
NatGeoFR	False
bisonrimant	False
Troian_Leroy	False
FrancoisTheurel	False
PlusquedelaSF	False
MelyTi	False
T_Fauquembergue	False
chane_art	False
Blan_dinde	False
florestandemoor	False
esascience	False
Jenny33370	False
BleuOpale	False
ValoniaFeline	False
Nutty_sheep	False
loudesforets	False
PlumeAuteurs	False
CerveauxNon	False
rich_lord	False
EmilieQuerbalec	False
MarcAngCho	False
TheFarthestFilm	False
LauraLaune1	False
R_Bachelot	False
splumely	False
AliRosalys	False
imaJnere	False
OphelieViolette	True
ActuSF	False
crin_de_chimere	False
editionsmnemos	False
AstroBackyard	False
APEnvironnement	False
Gregory_Da_Rosa	False
elbakin	False
clubdeletoile	False
Gillossen	False
nevertwhere	False
Bouletcorp	False
LesUtopiales	False
KairosChimeraOf	False
Emma_Hollen	False
labooktillaise	True
YorhannEA	False
Black_Archange	False
klvindavis	False
SetsukaJandC	False
sabranberethnet	False
SkunkDeQualite	False
RCI_GP	False
VoxEorum	False
BananaLicorne	False
ladyinsaeng	False
NocturneDessine	False
RCI_MQ	False
Zuttosama	False
lisadebaty	False
Neacia	False
SCoffeeStories	False
Nikolavitch	False
stig23	False
likidvcel	False
sgtpepere	False
LucilePeyre	False
AurianeVelten	False
baba_loup	False
_CitizenCrane	False
Super_Arbuste	False
MatFenric	False
So_chan07	False
Eul_golze	False
AlbanMinassian	False
philounatik	False
OusselinV	False
Mondas59	False
dareljedid	False
Sansfarine	False
Eienblog	False
RedMarten_	False
NVasDeyres	False
CiredutempsEsme	False
ogechter	True
_youhadonejob1	False
lamethodeFC	False
AwardsDarwin	False
DocteureCBD	False
cdion	False
UicheLorraine	False
winnyTaniguchi	False
FestivalNumok	False
avantigwen	False
TimeWorldEvent	False
BenRenaut	False
irenedelse	False
HalleyAnthony_	True
GilgameshIQ	False
ibkhi2	False
zeyad_aldulime	False
UnexpIainedVid	False
Attali3	False
TokyoSage	False
MaxLanzarotti	False
DigitalMapsAW	False
cma_japanese	False
met_asianart	False
vxsuals	False
LeicesterSelene	False
Call_meML	False
ArtAnime_	False
SumerianHittite	False
BeneCoudiere	True
hparadoxa	False
corneliusneptun	False
karine_rennberg	True
adragoninspace	False
puddingsfactory	False
PPGlePodcast	False
YBYEditions	False
CBadaroux	False
RtMc92	False
Enroweb	False
MxCordelia	False
OphBruneau	True
nblr	False
lafilledct	False
LesDevalideuses	False
InfernoSchnapp	False
jwaaaap	False
ChitkwesuManetu	False
GeoTheTrickster	False
BD_Alguerre	False
Tankietfield	False
EricTopol	False
CedricMas	False
StephanieNicot	False
ZachWeiner	False
Pourquoipas96	False
IlhanMN	False
Barbara_Cordier	False
RealitiesInc	False
DanaramaSF	False
mcguirewood	False
BearlyBoy	False
JeanneADebats	False
jeannxe6	False
electrifying	False
brokenbottleboy	False
label619	False
Paumadou	False
AnthonyVnct	False
RurauxC	False
tomjoubert	False
ArtyomSenna	False
chronolady	False
monadorable	False
cstross	False
fifokaswiti	False
francebleuparis	False
joanna_louise0	False
RalphLevel	False
emmet_awesome	False
SatWcomic	False
T_G_Philosopher	False
adelaigue	False
greenwitch3	False
lucaschedeville	False
witch_fantasy	False
BornaMatosic	False
SushinaLagouje	False
Womansplaining2	False
roger_mansuy	False
LexisErine	False
scenariste_	False
scriiipt	False
HoinardValerie	True
MaritzacocoJ	False
EdithCLewis_	False
J_RBLCK	True
GravelInstitute	False
Cleo_autrice	False
hypnofaz	False
muntazer_zaidi	False
SanaSaeed	False
AKATAmanga	False
adripslv	False
ScriptedLullaby	False
TRexCorvus	False
CarliaWitch	False
AndreaDemonakos	False
librairesecache	False
Quake_Ohana	True
say_shannon	False
ohtumblroh	False
VickySaintAnge	False
lexicalise_	False
aidenschmaiden	False
misterkristoff	False
MondeAnalysia	True
erinyah_	False
Themiscyra_co	False
TopAchat	False
MontCorvo_Off	False
_hogwartstyles	False
Gulf_Stream_Ed	False
ChloexF	False
MicroFlashFic	False
Pokekalos	False
moutonselec	False
AmbreDL_auteure	True
sanemititties	False
DeJornaG	False
AndresRiosRizo	False
GHBauteuroff	False
AnoukLangel	False
ManonSegur	False
savy___reads	False
GregoryValot	False
EditionsOnyx	False
andartapictures	False
Svet_Mori	False
AuteurNegora	False
MelanieWency	False
LuxBox	False
Mayday_MC_	False
LuneAutomnale	False
QueenJPP	False
zero808w	False
SeverinaClbt	True
bellblakesho3	False
misato08280	False
agrainne24	False
thibaultbrock	False
TheElliotPage	False
R_BM93	False
Bierepomme	False
memoiretrauma	False
biwahyobee	False
Myfanwi59	False
CorvusAvocatus	False
Saskia_81	False
CNN	False
JasmineLWatkins	False
whouffaldi	False
icyllarke	False
actupsudouest	False
thisismina_	False
s_t_gibson	False
hauntinghannah	False
ultraangst	False
beIizas	False
LauraMagoBi	False
achanqaray87	False
wm_edits	False
kassmorganbooks	False
MisElizaJane	False
rhysabell	False
MegBonneyWriter	False
SlowBurnMAC	False
kay_kombellarke	False
cantloseyou_too	False
clarkesminion	False
donnacarr1969	False
Lexa_Katniss	False
anviree	False
floofyfluff	False
TanMohammedMD	False
Laurier_the_Fox	False
bobbychiu	False
FranciscoSojuel	False
JVCom	False
DjangoWexler	False
foxes_in_love	False
ValGarciaDuran	False
DamCottin	False
mustangsart	False
silverfox5213	False
mrsxroots	False
cdf1530	False
LuceBasseterre	False
fionapup	False
PlanetDiversite	False
katelacour	False
BluejoWalton	False
IntersEtAllieEs	False
FacheeLa	False
MicroSFF	False
clever_reports	False
lebizarreum1	False
AnaVDLB	False
MelanieDeCoster	False
QuentinPLemarie	True
VictorBoissel	False
La_ptite_isa	False
dgordon52	False
AtNathanYaffe	False
MichelBillaud	False
jordanzakarin	False
Omar_MalinGenie	False
Noctis999	False
kohoeha	False
Chronique_NEXUS	False
RigoloRoberto	False
simplyidyllic	False
PeterSciretta	False
jaclynfrankum	False
BadWolfArchives	False
PPathole	False
Acermendax	False
shenanigansen	False
mjfree	False
scottedelman	False
Joshua4Workers	False
Colinoscopy	False
Etleau1	False
FreddyGladieux	False
JuliaLepetit	False
foismarina	False
annesojacques	False
noahbradley	False
vandroidhelsing	False
Plantureux	False
epenser	False
Socialist_Chris	False
NCStinn	False
radenwa_tweet	False
Mauricio_Neuro	False
vaughnpinpin	False
WrtrStat	False
Metrokun	False
robtrench	False
MrBeastYT	False
emmbld	False
Maliki_officiel	False
baggins_amy	False
vestalles	False
markhumphries	False
SethAbramson	False
F2Washington	False
JennyENicholson	False
RottenTomatoes	False
Ashadahya	False
YeolSoo12	False
DorsaAmir	False
revuesdumonde	False
got_sondagesFR	False
ChrisEvans	False
capxfraser	False
TweetPotato314	False
lilou82	False
TamaraBalliana	True
CocoMA03	False
mZelleCupCakEs	False
ludopuledt1	False
folleslecture	False
AlaineBourseul	False
NoraSansH	False
booksinFrance	False
tpalpant	False
FollowtheReadr	False
youboox	False
eb_auteur	False
manujomathiseva	False
julietheobald12	False
parmileslivres	False
sandrinederyck2	False
lemondeaurore	False
BooksSoly	False
blog_llc	False
babou1103	False
GLouhane	False
sdis_06	False
la_dory	False
minilou18	False
bibliotheque_ms	False
PDEntreAmis	False
LecturedeNoemie	False
Alloverthebook1	False
la_nuisance	False
Guillaume_Musso	False
HerbertLeopard	False
celia_malleck	False
laaurelie2	False
TheAdele32	False
HugoNewRomance	False
librosflash	False
secret_ed_00	False
Bouletosorus	False
ariane_rozo	False
ptitelilie0216	False
crazyforromance	False
ParadiseBookFr	False
actuspherelb	False
Laurielucasblog	False
MarionLC2	True
jean__michelin	False
viedelise	False
valerieCG	False
RageotEditeur	False
hanjiweeb	False
Ilyesramdani1	False
MadamePeel21	False
PetitMetalleux	False
Punk_Kiwi	False
applesandswords	True
SandroSwordfire	False
Cyellolemon	False
_gay_lemon	False
ADHD_Alien	False
KittenAndBook	False
GabyReformed	False
unsolvedtwt	False
legallylesb	False
Hedylog	False
RebelleEditions	False
monultimeparole	False
n8kisadisaster	False
spacemutinies	False
robinhobb	False
djarn_	False
NBaumgartnen	False
braus_alex	False
Coco__lasticot	False
milkmochabear	False
angeeolras	False
eletheros_	False
lepalphreyman	False
asqueerdian	False
CiteTonFictif	False
akasdraawr	False
passeurcritique	False
magneion	False
temptoetiam	False
Rythiel_Myrddyn	False
encrelame	False
rakidd	False
HistoireOdyssee	False
l_allee	False
Lin_Manuel	False
PaperFury	False
CamilleDAVID2	True
EditionsSement	False
nicolasirkis	False
auteurcl	False
oLidESaT_	False
indochinetwitt	False
SichemS	False
Valentin_Decker	False
SchwartzBrice	False
DigiDoll_dmb	False
hugoclement	False
MarjorieLorieux	False
Kapands	False
LarrereMathilde	False
VeroLangrand	False
Lyralinae	True
DC_Lestrange	False
Shellanin	False
gdbeeart	False
SkytaleFr	False
LibRelicha	False
pianodinde	False
ValranoxTwitch	False
Saamodeus	False
ClineNana	False
HotPaperComics	False
officialhambly	False
Naturewildd	False
MaloneSilence	False
Nimedhel	False
Axelanderya	False
4l1n0e	False
FranBasil	False
aetlas_	False
TheDanielMat	False
KathLobo	False
lovelyrosebun	False
djamilaknopf	False
rousp	False
minecraft_fra	False
PiloteInterDim	False
tiphainelutine	False
_Nat_Ali	False
KathleenMorel1	False
AmongUsGame	False
Missharmonie19	True
BernieCalling1	False
perseith	False
lady_octo	False
AdorableLaurie	False
AmeliaC_Jones	False
Laukinawa	False
crowley_acnh	False
fromnightfall	False
jeff_bourges	False
GoldiesLithurn	False
Asterothxx	False
JulesLikesStuff	False
acvillage_fr	False
Dext03	False
melmel_acnh	False
drugsanny	False
louna_sunshine	False
Qofficiel	False
laweyD	False
NekoChanDessin	False
vbachelier	False
pomme_rock	False
BRANLIX20007	False
PichuMel26	False
Lounourson	False
selene_derose	False
chlncl	False
ACNewHorizonsFR	False
haydn_sher	True
AtelierAngelMJ	False
_Ellayne_	False
Whitneys1506	False
partiquebecois	False
jen270908	False
davidatcock	False
comforttimagine	False
benskylo	False
yungblud	False
ciaraturnerart	False
siradamdriver	False
karifuna94	True
FFAthletisme	False
christianetran_	False
pourquoipablo	False
izi_Gory	False
YohannAllemand	False
T_Bouhafs	False
davidperrotin	False
ldrinkh20	False
MissRomane_	False
Mdzlla	False
CBSzpiner	False
VivreAvec_	False
satogojoruu	False
drawmeamoon	False
NBeausson	False
DaniAtomicus	False
AdelineCL	False
un_arobase	False
SoMaliicious	False
Arsaitagame	False
ShouldHaveCat	False
_Eikyo	False
SoumSoul	False
zettaelliott	False
CarnetsdOpalyne	False
Scrineo	False
FabTao972	False
OlivierCyran	False
FootBruh	False
vintagearabe	False
attac_fr	False
yourbaya	False
dusttodigital	False
CLE_Autistes	False
Oh_My_Josh69	False
TB_Choi12	False
Micromania_Fr	False
3lawan	False
SM_iron_prince	False
_Diveka	False
ItBritneyArmyFR	False
reinachantecler	False
8wariorlittle	False
GonzoOff	False
raqvam	False
worshipfuIness	False
mfbenji	False
_CLAP75	False
MatthewACherry	False
corinne_leriche	False
MauraneEtc	False
Moon23568664	False
Flaminiapad	False
j3wess	False
NeuRaTu	False
IntrovertieV	False
Authoralexp	False
islamphobiacow	False
nem0sIs	True
Lexeievna	False
CamilleCosnier	False
lesjoiesducode	False
LylysKindle	False
ane_a_ailes_	False
NisaLectures	False
gay_elise	False
ChrisRedAuteur	False
carole_bessiere	False
TheRavenTeacher	False
ALapraye	False
NBagadey	False
legendre_sonia	False
Fred_yuki	False
_elleivy	False
bugmeyer	False
notedchampagne	False
surume050505	False
volhta	False
emanshiu	False
DanielTaylorArt	False
SarahCAndersen	False
andreas_rocha	False
pikaole	False
DrCraigMc	False
Feilyn	False
mekadrepth	False
HGriffeArt	False
ArtOfSoulburn	False
DrthL7	False
Tegabiart	False
Eylau_no_hon	False
AlejoP_47	False
Mindyleedoodles	False
thuillieres	False
Nicola_Gendron	False
Jonahlobe	False
BS_artsss	False
abandonedspaces	False
Eve_Piper_	False
EnFeeTamine	False
Anu_yu	False
GalacticSpecter	False
CindyCostes	False
extrafabulous	False
loishh	False
Eupholie_	False
Kekeflipnote	False
Viedauteur	True
olg_ann	False
MarieEtDesMots	False
Juliana_Lyn_	False
EmilyChain1	False
isadora_books	False
rainetterouge	False
Rajasvir	False
j_woodwind	False
PluieBD	False
heure_h	False
ChrubZ	False
RyanneKelyn	False
ian_nale	False
YTCreateurs	False
LaCroqueLivres	False
RobespierreAlex	False
LoPerretPlumeS1	False
SalemaMelinda	False
TomNessy	False
hello_patrickF	False
pixaelle	False
Martin_Stvt	False
annavictoriaval	False
smoleternity	False
BrigitteBrando	False
HTenessa	False
FenRyck	False
MillerCharlot11	False
EOakenart	False
MerulineMymy	False
Ahogur_SJF	False
666Deadhunter	False
mamzellenette	False
MONGE82354028	False
HabliliAnouar	False
lasorcieredesmo	False
JeromeHurstel	False
CamDeraeve	False
cLouffy	False
Paradyr	False
Squizzard_	False
cdestokyauteur	False
EloLry	False
TempsANouveau	False
J_Sauvignet	False
MetalAssBender	False
rosemaryauteure	False
Elfydil	False
Alexis_Oursin	False
carligrillo	False
arty_ed	False
jeanlouisriguet	True
JeanLouisRiguet	False
DescoteauxInfo	True
F_Choquette	False
reveline02	True
SPA_Officiel	False
VoyageAPRR	False
MurielDouru	False
Mister12points	False
MehdiOmais	False
PartiAnimaliste	False
Bad_moody_	False
courbet_julien	False
JPhilippeLongo	False
Pierric2005	False
Cawine_A	False
KentNealPoete	False
CassAngel22	False
Carrosse4elena	False
mattcolville	False
PoliceNat44	False
ParisA4Pattes	False
1AmiDesAnimaux	False
BixeLizarazu	False
pilmolt	False
Haiku_Climat	False
CanalplusCinema	False
TonioAlbertini	False
CaronAymericoff	False
ParisMatch	False
longcoffee_	False
tsamere	False
konbininews	False
thomascorinne1	True
InstantLittr1	False
christophemeign	False
OsxSts	False
blberne	True
coralinesoulier	False
ClaudePonti	False
XavierMauduit	False
LaurenceCohen94	False
cafepedagogique	False
UniversiteLyon	False
rolandkelts	False
ChorosTweets	False
GeorgesSalines	False
PhilippeMeirieu	False
Mlfpedagogie	False
outilstice	False
aurelien_veron	False
sabinegodard	False
GREENJUICEPRADA	False
Fuzzyraptor	False
meliemeliie	False
PopSciences	False
LeLetchi	False
cbarthalois	False
marijul87	False
Vivienne2345	False
MartinWinckler	False
actdottv	False
araimbault66	True
wipplay	False
Ariel_ul_	False
InstduToutMonde	False
Euromanga	False
anciensUSA	False
petiteracine	True
AteliersMedicis	False
moitiedufourbi	False
AOC_media	False
LucienRaphmaj	False
DenisCosnard	False
SyndromeL	False
DariusRochebin	False
mleroyterquem	False
beaudonnet	False
DelphineChaume	False
Arcanah3	False
SabineHuynh	False
arouvroy	False
inhesj	False
v_delmas	False
quidamediteur	False
diacritik	False
LaViduite	False
MemoireSilence	False
lairnu	False
revuelapiscine	False
ivoix	False
oliviermeneux	False
Becket6	False
Anh_Mat	False
LaDameAuChapal	False
canope_72	False
ecriTech	False
fbon	True
relirenet	False
juliettemezenc	True
gvissac	True
tulisquoi	False
UnLivreParJour	False
athanorster	True
general_instin	True
kentescu	False
kashhill	False
SebMenard	False
bllisa	False
GuenaelB	False
lesmotslies	False
NolwennEuzen	False
Gaz0line	False
monterosato	False
remue_net	False
MabrouckRachedi	False
CartooningPeace	False
Amyviolet	False
TxTLab_io	False
cjeanney	False
journalkafka	False
yankouton	False
aunryz	False
sebastienjumel	False
CrosMartine	False
silicium17	False
Pavlos_Kap	False
lamiscarreb	False
GwenDenieul	False
mohamedabdoube1	False
hugogelin	False
fgriot	False
pointepern	False
motussette	False
aixlabelle	False
apoiraudeau	True
editionsPOL	False
AlterNantesFM	False
LibrairieLvds	False
ester_modie	False
vpecresse	False
FrancisTugaye	True
LeaSalame	False
anne_berthier	False
guy_allix	True
RecoursauPm	False
Mancioday	False
MarionRolland	False
DesordreNet	False
piotrr70	False
CAUE_37	False
benoitmelancon	False
marc_jahjah	False
christianbok	False
EmmanuelPierrat	False
sbailly	False
michaelalamy	False
bbordeleau	False
balaitous	False
urbanbike	False
christogrossi	True
lacolline_tn	False
BourgoisEditeur	False
Limpromptu_lib	False
antonincrenn	False
ReliefAgence	False
Paludes_Campus	False
antoinesilber	False
tulipecomix	False
mueditions	False
ePagine_Actu	False
1endroitoualler	False
OrangeLecteurs	False
LEspadon2	False
ThePoacher80	False
MassiveAttackUK	False
LibertaliaLivre	False
dan_mdpt	False
Presquelune	False
falibc	False
LesAvrils	False
PlaylistSociety	False
Infinemusic	False
ApaAssoc	False
desportesg	False
LabasOfficiel	False
UnLivreUnJour	False
mary_girodias	False
Sandrinebabu	False
JFaerber	False
Fondation_Shoah	False
fipradio	False
FlorianBardou	False
UNICEF_france	False
AssoConfluences	False
festival_OLBJ	False
ourtangledbones	False
Reporterre	False
LauraLLVazquez	False
louis_hl_	False
CazierJP	False
GiuliaRastajuly	False
ahmsla	False
joffreyspeno	False
LaManufacture2	False
acmontpellier	False
Philochemins	False
rycholiver	False
G_Lecaplain	False
millerofficiel	False
BibParis	False
CNES	False
RedacSpectacle	False
IllanaWeizman	False
OdE_CNES	False
madmanclaro	False
Callystor	False
pottebonneville	False
mariericheux	False
AssoJNE	False
pierrecattan	False
LaurentMichaud	False
cavarocv	False
ecopoetique	False
mariecosnay	False
lemonde_culture	False
escaledulivre	False
marilynebp	True
gizceist	False
literatura_rte	False
rabihalameddine	False
tripplannermama	False
mosqueedeparis	False
KissMeAgain99	False
SammyStela	False
Aroofasayz	False
FCconferences	False
psyknalyseparis	False
jl_lambert	False
Tatiana19796	False
artinsociety	False
LeChat69962112	False
WilhelmGustloff	False
gregcatarino1	False
CorridorElephan	False
TimCallahanArt	False
yolandevillemai	False
OptimoPrincipi	False
sakura3740	False
DarckColor	False
soniaguasch3	False
F3cotedazur	False
marialves53	False
arenillawest	False
van_der_rohe_	False
RMCinfo	False
PerlaNevarez15	False
CaterinaCategio	False
Carles_Torner	False
DrJEBall	False
archaeologyart	False
quirkiebird	False
CanillasMarichu	False
ProfToujours	False
Colossal	False
GemmitiMoreno	False
kawasaki1972	False
jeannemarie16	False
Surrealism_KY	False
republiektrien	False
gynoulovetweek	False
PonzoniE	False
TheCrony_	False
agustin_gut	False
JamesMartinSJ	False
MarinFavre	False
Paris	False
RYYhVFYgCOXIjod	False
denisheudre	True
draymo2	False
Leilakan	False
pichettimariel	False
malichieuse_enl	False
laminute2poesie	False
vivrenoyal2020	False
christian_bobin	False
EtonnantV	False
TeamJuArnaud	False
jacquesjosse	False
VilleSaintMalo	False
FestivalEV	False
arts_melissa	False
P_D_Poetes	False
benoithamon	False
bsaspoetry	False
maiporennes	False
JulienSureau	False
YoussoufTerri	False
nrenard75	False
Jamesbear20	False
CultureCormier	False
Gilles_Perret	False
jcfrog	False
ZabouF	False
ChTaubira	False
ghis9334	False
lepetitmur	False
fayalasamir	False
maya47000	False
Soupir59	True
SoloNiare	False
SolangeTeParle	False
JeanBottari	False
BoucharaCharly	False
ManYouTopie	False
edsemaphore	False
micheljean5	False
SPVQ_police	False
perceval45	True
antoinedecaunes	False
claudechuzel	False
GNadeauDubois	False
jacquesbegood	False
azaamoune	False
Oiedecravan	False
tonnerretranqu5	False
drainvillepm	False
ThierryWetzel	False
rire_facile	False
SergeTome	True
ruralitalics	False
TheUSASingers	False
LimbachEva	False
Ant99	False
deer_ward	False
pauldavidmena	False
debbisland	False
cynthia_rowe	False
shayla_hawkins	False
Bill312	False
SondraJByrnes	False
ariariariariari	False
moonflowernco	False
YourMoonliness	False
jennfel	False
JeffreyGoldberg	False
JuanSaaa	False
hungrywriting	False
SligoJ	False
susanantolin	False
tubemapper	False
HawkheadJohn	False
HarounRashid2	False
horrorsenryu	False
Team4Nature	False
isabel_caves	False
Catherin03	False
the_bamboo_hut	False
JeannaLStars	False
Debbie_Strange	False
haikutec	False
WinWithoutWar	False
CatBake	False
dabennettpoet	False
vandanaparashar	False
bigmax722	False
robbiepoet	False
mariannpaul	False
raveninak	False
AJEnglish	False
hifsays	False
carol_red	False
DeeAvidreader	False
DeepSouldiver	False
IVeredit	False
blueirispoetry	False
_sagestone	False
ericcoliu	False
StoryHaikuTanka	False
adalia_haiku	False
DanBurt	False
ProjectLincoln	False
vrjrdgstknng	False
HaikuCommentary	False
mflem9811	False
tribelaw	False
laloalcaraz	False
marlene_tissot	True
editionslunatic	False
Squirelito	False
votreculture	False
MathieuLeporini	False
seabass129	False
15K_Editions	False
RevueFracas	False
emergencypoet	False
liredanslenoir	False
bricedesphrases	False
VITREculture	False
ledburyfest	False
PremierRoman	False
UCO_Laval	False
PollySamson	False
CollibrisLdL	False
CreatedtoRead	False
RitaCobix	False
LGHertzPoetry	False
fanzines	False
hburnsmusic	False
VICEfr	False
Derappoetiques	False
RevueEstuaire	False
Qrisimon	False
matthaig1	False
maxjohnporter	False
B_Papergirl	False
FirewordsMag	False
Theparanoidcats	False
mariealicemaire	True
Mdelormeau	False
HaikuJonas	True
alexxf3	False
SurraSunh	False
PabloNe06451905	False
MarieAngeSo1	False
Khan_5802	False
PyramidSaied	False
amen_octurne	False
YvesBouillon	False
WilfreOrt	False
emmankaldebill	False
UKRinNATO	False
Les_Goguettes	False
farasha2319	False
princessInheel	False
ArtsEtEmotions	False
sandrinec558	False
ellelaurens	False
vaclou	True
GustsTanka	False
RadioCanadaInfo	False
ericdubois	True
SecretWorldLgds	False
Meidelev	False
LouveAlpha5	False
DJ_Ponpon	False
Angrboda_Laws	False
olascar	False
caalfein	False
Arselkie	False
BrutalHouse	False
Kldpxl	False
thomasgunzig	True
LuciaLibri	False
PierreScheu	False
Lettresmonde33	False
BOOKCITYMILANO	False
Marcoseditore	False
Gnambook	False
mille_libri	False
noragaspard	True
culturepub	False
NoraGaspard	False
Didymus_T	False
_Margal	False
tbhbq	False
jeanne_malysa	False
lyla_forum	False
kitty_science	False
castelneau	False
EditionsDuCygne	False
Cecile_Suel	False
PierreCendrin	False
REVUlarevue	False
lenkalente	False
pBellancaPenel	False
RancesDes	False
DSetPC	False
NPA13_	False
CedricHerrou	False
robinsonboucan	False
PMaisetti	False
Uneheuredepeine	False
jeanpaul_kopp	False
Pauluskupa	False
askolovitchC	False
fragarot	True
profdanhicks	False
CF2ID	False
MmpParis	False
Proprete2Paris	False
LagalSop	True
4inegodin	True
mtrahan	False
Conseilartscan	False
accesculture	False
_Transcultures	False
DumasSim	False
m_marchionni	False
katerilemmens	False
les_libraires	False
PalaisdeTokyo	False
LouZou	False
asbarreau	False
LilianeBreuning	False
enagmar88	False
ENumeriques	False
dllf_udm	False
IGNpresse	False
gunthert	False
Mingus	False
Reverblvm	False
BiblioVillon	False
penichelapop	False
KMS__	False
gaitelyrique	False
cestabrupt	False
filledesastres	False
aureliecharon	False
dark_shark	False
RobotRimbaud	False
_lunettesrouges	False
algeriades	False
ebruyldrm_16	False
eleonore2mc	False
ChloeMorin2	False
brasil247	False
hihihitwo	False
sebasauger	False
michtosincere	False
didierda	False
ZoeBalthus	False
Melusine_2	False
Panda31808732	False
decharlisons	False
antoinebrea	False
CuriousKd2000	False
campvolant	False
ptbrasil	False
CharlesBaudry	False
carolinemecary	False
EugeneFranken	False
edwyplenel	False
c_simondebergen	False
JoPourquoipas	False
pierre_plottu	False
StefPalomba	False
bismatoj	False
VPatriote	False
paulinemski	False
LeMondeQuiVient	False
jflecaillon	False
Chronikfr	False
BoisjeanElias	False
FOuassak	False
Bastamag	False
SRContretemps	False
JohnGoodDindon	False
JulienBrygo	False
Panouille	False
Anargondin	False
HMaler	False
EricBattistelli	False
lmsi_net	False
RomaricGodin	False
RevueBallast	False
FOL75	False
tonton_phil	False
pthibaut	False
CompagnonO	False
pandovstrochnis	False
inst_marielle	False
JillRoyerFr	False
banalalban	False
moreauchevrolet	False
KhiraSahraoui	False
sebdoubinsky	False
lafleurdu54	False
Commune2021	False
LG_remue_i3t	False
GilbertCram	False
bruno_amable	False
Marseillologie	False
OUPSI	False
Ed_M_Nadeau	False
madelen_ina	False
Istaruss	False
BenoitCoquard	False
RaphaelleBacque	False
CorinnePerpinya	False
karenine2	False
maximaxoo	False
CDB_77	False
Rapha_Ossian	False
CNT_Gironde	False
3emeDroite	True
F_Descraques	False
Salondulivre	False
TwitterMktgFR	False
Nec_plus_ultra_	False
Lecrivaindujour	False
ZePitcher	False
MaryneLeGoff	False
Nooby___	False
Calinoob	False
Sawilliamm	False
MiuTranSan	False
ouifm	False
FramesAvignon	False
YacineBelhousse	False
iamCelineTran	False
nanofictions	False
levraimcfly	False
Effixel	False
viedelecteur	False
Reremi_VK	False
fakegeekqueer	False
Ocarinina	False
VanessaaC_33	False
mad_otter	False
MC_Ginette	False
Leo_290114	False
Jvju112	False
ElvaliaFR	False
PostItProse	False
Tay_oshi	False
NoraMinion	False
GwennLeFloch	False
AndWhat_Dude	False
felmetagueule	False
clazaam	False
LPamiel	False
Un_pseudal	False
C_era1volta	False
creepysilent	False
Liline_0202	False
JuLmbrt	False
queenofdys	False
RadioThais_	False
MrsOwheat	False
Charlisii	False
AsahiEnRetard	False
Merianaart	False
pi_hee	False
natteanaelhoon	False
chaerlie_	False
TheLilFoxer	False
_ThePillow_	False
Maitre_Pangolin	False
Le___Pain	False
Meulheau	False
Wilson_Newt	False
MinaTchoum	False
trotropicana	False
189TTB	False
YourEmoPhase_	False
Robin_avec_un_B	False
Caporal_Leo	False
Super3Davina	False
ZaPPaC_	False
Antoined8524	False
JuliaDuffault	False
_valediction	False
ElessarMardion	False
leloir_pheline	False
grand_jules	False
Totofly13	False
vmksoulmates	False
Asigarek	False
_MLTR	False
reedusxsheeran	False
Al_Clent	False
florgasmique_	False
MiniNonam	False
Lodeie	False
Mirt3kosore	False
manekineko1721	False
fouquette66	False
Unsterbliicher	False
twittayatre	False
lazy_floyd	False
RaphaLaVanille	False
clarabdx	True
blogdocs	False
ed_sous_sol	False
MarieViargues	False
ravagesravages	False
laffargue	False
CecileFlpp	False
n___f	False
bulletin_fr	False
ProfDocCurieux	False
joelgaly	False
CVB_be	False
AfpFactuel	False
KamalaHarris	False
gregphil	False
MHVQ76	False
sophieginger	False
simonbeaudoux	False
alexackoun	False
SophianF	False
INA_RevueMedias	False
EJO_fr	False
ClaudeGuibal	False
cbourgneuf	False
stephanmercurio	False
jerezim	False
a_carasco	False
MeprisWb	False
rachidowsky13	False
MobileFilmFest	False
lundimat1	False
lecinemaclub	False
LumentoFilm	False
AxelCadieux	False
maxloisel	False
CMJazennes	False
Peripherie_	False
Programme_B	False
LeCNC	False
mrgx_k	False
laurencegeai	False
ArchivesT12GOSB	False
ClemiParis	False
sophparm	False
ElliotLepers	False
Sci_Phile	False
judithchetrit	False
lecargo	False
JulesGrandin	False
JulienFarenc	False
lesoir	False
webscam	False
Gtouati	False
abrachet	False
oLambR	False
parleluidemoi	False
funnomad	False
lubreac	True
mariclairbol	False
TTropique	False
botducul	True
Vvigneron	True
ClemPouletty	False
__goldenmole	False
Marco_Zanoli	False
AlvaroSeposian	False
Jean_no	False
annearchet	True
crimethinc	False
Lidiotutile2	False
SalomeDlnsk	False
JapanTraCul	False
DelegueLata	False
SophiaAram	False
brenoul	False
FBAuvergne	False
LuizMouloud	False
robertlediable_	False
VVigneron	False
writersdoing	False
emma_ducros	False
servanne_m	False
nicolasauret	False
ysoboy	False
EricDarsan	False
larueourien1	False
laclefstgermain	False
KarenAdhar	False
HumanRightsObs	False
Julife35	False
CoustinDe	False
christopheconte	False
valentineoberti	False
JiminyPan	False
SDJ_Science_Vie	False
MEudesAFP	False
clhebdo5	False
cbdhugo	False
Fianso1er	False
tomgauld	False
pauline_lewis	False
NousToutesOrg	False
EmilieRadioFr	False
l_boyard	False
EYParis	False
SJPLibe	False
lacimade	False
Offenstadt	False
DesDetenus	False
Elsa_Gambin	False
charlesvillaa	False
Memoire2cite	False
_omr	False
que_hernandez	False
maglafourcade	False
sychazot	False
simonlouvet_	False
LaCinetek	False
melangeinstable	True
pyromunist	False
Annalizabetha	False
PeryleneBleu	False
ajlgbt	False
Helpy_	False
EmilieNoteris	True
TalesOfGigi	False
debordements	False
londeixp	False
PaulRocher10	False
emma_audrey_fr	False
lebeauvice	False
johannaluyssen	False
phamthikang	False
LibreQg	False
ArSaintMartin	False
SophieBoutboul	False
AlexCHARLET	False
ECambourakis	False
DukePress	False
LesbienRaison	False
neolitterature	False
GwenFauchois	False
AdeleCassigneul	False
CecileCoudriou	False
weezwrites	False
FaouziLellouche	False
mutilespourlex1	False
LouiseLibre	False
KZaaaH	False
SaraNAhmed	False
FMatonti	False
Mae_lcr	False
canalplus	False
aIucarda	False
Jul_Thery	False
NnoMan1	False
FranckCattelain	False
mathieu_m	False
anothergaze	False
EliPhilippe	False
ac_cheron	False
forumdesimages	False
LesFigues	False
mgyllenhaal	False
TomiUngerer	False
MonaBismuth	False
OctoberOctopus1	False
gilda_f	False
NewYorker	False
nylso3	False
IAM_SHAKESPEARE	False
DannyDrinksWine	False
m_samovar	False
xkcdComic	False
cgenin	False
13033303	False
archeo_sf	False
JonCarling	False
Deslogis	False
jeromeorsoni	False
sebastien_banse	False
Socialter	False
ramez	False
chateaumormont	False
TimotheeGoguely	False
GeneratorKoans	False
zoobizarre	False
artvallotton	False
grignotages	False
electre2	False
goattoself	False
TANNOKOJO	False
nicolasancion	False
GuillaumeCingal	False
allymayn	False
