wattpad;AmbreLenoir3;;
wattpad;TaeSoso;|ã‚½ãƒ•ã‚¤ã‚¢ğŸŒ¸ì†Œí”¼ì•„                                       
anciennement @SophiaTaehyeong
22yo~PhytotherapistğŸŒ¿FlamencoğŸ’ƒ OT7ğŸ’œâ˜†ï¾Ÿ.*ï½¥ï½¡ï¾ŸJ-pop & K-popÂ°ï½¡ï½¥*.Â°â˜†|;https://t.co/Rs59GWTtZt
wattpad;kmikaelsonking;|#HBT 22/02/2020 ğŸ˜
J'Ã©tais mort avant de te rencontrer, je suis nÃ© le jour oÃ¹ tu m'as aimÃ©. â¤ï¸
#charmed #supernatural #oth|;
wattpad;NaOmiyaEwilan;|ğ“¶ğ“®ğ“¼ ğ“¹ğ“ªğ“¼ğ“¼ğ“²ğ“¸ğ“·ğ“¼: ğ“µ ğ“®ğ“¬ğ“»ğ“²ğ“½ğ“¾ğ“»ğ“®, ğ“µğ“® ğ“­ğ“®ğ“¼ğ“¼ğ“²ğ“· ğ“®ğ“½ ğ“µğ“®ğ“¼ ğ“‘ğ“½ğ“¼

ğŸŒ¸https://t.co/UUSXu9z0LR

YouTube:https://t.co/Rn7st2EQ3k|;https://t.co/rho8FEmUJI
wattpad;ohhhmyhoneyy;|Autrice sur #Wattpad ğŸ§¡|||| L3 MagistÃ¨re de maths |||| â€il est grand temps de rallumer les Ã©toilesâ€œ â€” G. Apollinaire ğŸ–‹ğŸ‚ğŸ|;https://t.co/yrTHQNtLbT
wattpad;B_Lemarchand;Auteur de "Le panthÃ©on perdu" Illustrations de l'incroyable @Kukunzite;https://t.co/C5owolmUrH
wattpad;SeveruS_Roguee;|Je m'appelle Severus Rogue et je suis l'homme qui sera mort par amour pour Lily et aura protÃ©gÃ© son fils jusqu'Ã  la fin.


#Always|;
wattpad;ian_nale;Auteur dÃ©moniaque. Parti Ã©crire le Tome 2 au cÅ“ur d'un volcan en Ã©ruption. Le Tome 1 : https://t.co/4TTEMayw2kâ€¦;https://t.co/EHwO16MaUJ
wattpad;justem4x38;|Ici pour avoir des retours sur mon roman de SF/Dystopie disponible sur wattpad âœŒğŸ½ğŸ˜ 

Nouveau chapitre chaque dimanche !
Insta et wattpad : justem4x38|;
wattpad;Vampalexan;Auteur de romans mm en tous genres. Aime les chats, l'ocÃ©an, le surf, la lecture, les sÃ©ries et les voyages.;
wattpad;larevelatriceof;|Ici la rÃ©vÃ©latrice. 
Je ne peux pas changer les gens, mais je peux tenter de les faire Ã©voluer.- La RÃ©vÃ©latrice|;https://t.co/cJx2z2Qg1V
wattpad;jeunegay751;Description non trouvÃ©e
wattpad;GuillaumeGuyot;Je suis timide, bordÃ©lique, introverti, amoureux des langues et de leurs particularitÃ©s, passionnÃ© d'Ã©criture et consciencieux. Parfait dans mon imperfection.;
wattpad;LinaPagel;|J'aime lire et tisser des histoiresâœï¸ !
Romans finis : "Au-delÃ  des ombres" & "ImprÃ©dictible"
Projet en cours : "Vive le vent d'espoir" â™«|;
wattpad;lemming_fou;Vrai-Faux dÃ©pressif. Touriste sur Twitter et aussi un peu dans la vie. Comme vous, j'aime faire semblant de m'intÃ©resser aux choses.;https://t.co/C2PtCwe6CB
wattpad;Aishkof;|HARLEY QUEEN â™¦ï¸â™¦ï¸â™¦ï¸ POISON IVY             
MATSURI ğŸ’ğŸ’ğŸ’ HARUMI|;https://t.co/YWwCHIkfde
wattpad;Momo6213508620;Fan de loulette et mimine forever;
wattpad;dorianmuser;Auteur de polars et de romans d'Ã©pouvante. Fan de Doctor Who et de @SorayaHama #Whovian #SoTeam #TeamAuteurs @PartiRadicalG #ResisTeamFR;https://t.co/buBd7ItZPU
wattpad;raemon_tea;Bingung mau nulis apa;https://t.co/jkXiOEuuis
wattpad;jacobxmood;|ğŸ¸áŸ¸áŸ¸ ğ—»ğ—¼ğ—®ğ—µ urrea it's a fucking legend.

âŒ— ğ“‚ƒ linsey urrea means safe place.

à½¾.âœ¦ Ö´Ö¶Ö¸ sina deinert is art. ğ“¼(she/her)|;https://t.co/wdhKsmCthp
wattpad;VieEasy;;
wattpad;NoeDarling;Don't search the way of happiness, because happiness, it's the way.;
wattpad;khalieP;|Always in my Heart ğŸ’™ğŸ’š
#TeamLouis #TeamHarry #Team1D Ã—ÍœÃ—
Wattpad : Khalie69 ğŸ’™ #WallsTheBestAlbum ğŸ’™ Fan Account ğŸ’™ I wait after LT1 Tour ğŸ’™ Directionner ğŸ’™Ã—ÍœÃ—|;https://t.co/0ZOFK38cFv
wattpad;fiction_larry;|Hi!
J'ai plein de sujets de conversation alors n'hÃ©sitez pas Ã  venir me parler,, peu importe le sujet... Mais si vous aimez les One direction... â¤ï¸|;https://t.co/fEkLANCg8J
wattpad;rimouzzine;|hy i'm heather ğŸ§¡
14â¤|;
wattpad;MrProverbe;Description non trouvÃ©e
wattpad;NAONAO64273906;SHERLOCKã‹ã‚‰GUNã¡ã‚ƒã‚“ã¸ğŸŒ·ä¸‰ä»£ç›®JSBåˆå¿ƒè€…ã§ã™ğŸŒ± ç„¡è¨€ãƒ•ã‚©ãƒ­ãƒ¼ã”ã‚ã‚“ãªã•ã„ğŸ™ğŸ™‡ğŸ»â€â™€ï¸FC2020.3.6ã€œâ˜ºï¸â™¥ï¸OMIRYUâ™¥ï¸æˆäººã«è¿‘ã„å­ä¾›ã„ã¾ã™â˜ºï¸ä»²è‰¯ãã—ã¦ã„ãŸã ã‘ã‚‹ã¨å¬‰ã—ã„ã§ã™ğŸ¥°ã‚ˆã‚ã—ããŠé¡˜ã„ã—ã¾ã™ğŸ™‡ğŸ»â€â™€ï¸;
wattpad;WatchOfStars;|Ã‰crivaine qui ne cherche qu'Ã  partager son monde â˜„
â¡ï¸ https://t.co/xowlfannBa 
â¡ï¸ https://t.co/i0yq1hjVwdâ€¦|;https://t.co/rmDF37b74x
wattpad;zaynsolos;seven hearts in one home {a/ela/-a};
wattpad;emeline_dony;|souvent, jâ€™dessine des gens et jâ€™Ã©cris des petits textes; on mâ€™appelle dessinemoiuncitron sur Instagram ğŸ‹ et je suis lâ€™auteure de Frisco sur #Wattpad|;https://t.co/yTtjjLRJsB
wattpad;emylabelge;#infi;
wattpad;nearlywxtch_;|:Â¨Â·.Â·Â¨:          BLM.          saturnian ğŸª                                               ã€€
 `Â·. my lucifer is lonely â˜…Â°*ï¾Ÿ|;https://t.co/m74mTEySWV
wattpad;L0aiya;|fan account. btsonly || namjinist|;https://t.co/M30vWhj6ZG
wattpad;siocbo;|Aussi bon Ã©crivain que tu as de QI.
Viens donc mesurer ton quotient sur mes Ã©crits.|;https://t.co/JPE5tjTzlT
wattpad;AnaisSciences;Dr en Zoologie, faunisticienneğŸ¦ğŸ¸ğŸ¯ğŸ, autrice SFFFâœ’âš”ğŸ›¸, lectrice ğŸ“™, cinÃ©phile ğŸ¬, chouette streameuse ğŸ¦‰, droguÃ©e au thÃ© ğŸµ  et chocolat ğŸ«ğŸ±ğŸ±ğŸ±ğŸ±ğŸ±ğŸ±ğŸ¹;https://t.co/JJBCv2ljER
wattpad;LynnLune;From the dark, you can give hope.;https://t.co/sKCwVNVvvs
wattpad;PolcaLePapy;30 ans. j'Ã©cris, je stream, je fais des podcasts. https://t.co/qwcVjbxDGj / https://t.co/mgfUwGwd6n;https://t.co/kj9pN6dYuE
wattpad;alexima17;|Homme amoureux d'histoire, de littÃ©rature, de mangas et d'animes.
Akashi est la plus mignonne des navires et mon Ã©pouse.
Nyaa!
ğŸ‡¨ğŸ‡¦ğŸ‡²ğŸ‡¶ (QuÃ©bec)|;https://t.co/aGGxXf3H32
wattpad;wigini_ff;|Auteur de fanfictions pour m'amuser.
@wigini_ff sur Instagram|;https://t.co/ABED148Ttl
wattpad;XianMoriarty;|Autrice ğŸ“šğŸ“ de SFFF ğŸ›¸âš”âš™; Bloggueuse ğŸ–¥âœ ;MÃ©diatrice culturelle et ArchÃ©ologue ğŸºğŸ—¿ ; Star Wars ; ğŸ±ğŸ±ğŸ± ; Blairelle streameuse ğŸ¦¡ et ne sourit pas :l|;https://t.co/F279mTqllu
wattpad;CorinneHenin;|Auteure, expert cyber-sÃ©curitÃ© et expert judiciaire. 
Mon premier livre, dispo sur #wattpad ou sur mon blog. 
Mon blog de sÃ©curitÃ© informatique : @arsouyes|;https://t.co/nUKrIAn6wx
wattpad;Yuki_WolfGirl;29 ans - Bi et mariÃ©e - Ã‰crivain en herbe et gameuse nulle. - https://t.co/Qo0iPb1aJ6;https://t.co/NX3CAkZpEI
wattpad;chancpetrr;teume;
wattpad;WkoxY;|Mozambican ğŸ‡²ğŸ‡¿ and Vegan ğŸ¥—
The rest doesn't matterğŸ˜‚|;
wattpad;laetitiabm25;@DorotheeOff ğŸ’–LindaHardyâ¤ï¸IngridChauvinâ¤ï¸ğŸ’»ğŸ“²ğŸ“–ğŸ“š#SÃ©ries,@PBLVofficiel @DNA_TF1 ğŸ“ºğŸ¬ğŸ§. Soutien la @mocf1891 Blog : @DoBiblioGeek;https://t.co/eNtT4mhrv9
wattpad;Chloe5921022;|ChloÃ© 
20 ans 
Dunkerque / Lille  ğŸ“
licence de Chinois
Celib 
Mes petit potes ğŸ’•|;
wattpad;DelannoyEmeline;Auteure passionnÃ©e et scribouilleuse, toujours Ã  la recherche d'un peu plus de temps pour Ã©crire, avec un petit faible pour l'Islande ğŸ‡®ğŸ‡¸;https://t.co/zDW0YNNip1
wattpad;LumiaRougier;Writer on Wattpad and big fan of Richard Armitage. Lumia16 on Pinterest;
wattpad;deedeehasbeen;|Salutations !
Ici, Ã§a cause Ã©criture et publication en ligne !
Nouvelle, roman, fanfiction et poÃ¨me Ã  lire gratuitement en cliquant ci-dessous.|;https://t.co/dpZCiumhUA
wattpad;summerwithelio;|And don't it make you sad                                                
That we'll never be kids again?
-
( ğ‘³.) she/ her|;https://t.co/ZsFoOyyjpF
wattpad;JUSTEM4X;|Futur frÃ¨re jurÃ© de la garde de nuit.
Hacker Ã  ses heures perdues. ğŸ‡¦ğŸ‡²ğŸ‡®ğŸ‡¹ğŸ‡«ğŸ‡·ğŸ£ğŸ¶ğŸ®ğŸ§|;
wattpad;VLromans;|Romancier, militant LGBT. ğŸ³ï¸â€ğŸŒˆ
#LGBTQofTwitter
#2QT2BSTR8|;https://t.co/xqBMxYKGGf
wattpad;CamCamLaChupa;24/05/2014. *_* ------------ WattPad: cami2lee;
wattpad;moonicane;Moonicane sur Wattpad, Instagram, Deezer et Spotify, je suis un auteur en herbe passionnÃ© qui rÃªve de toujours en apprendre plus.;https://t.co/MxaOCtrPLs
wattpad;Laura04593440;|Wattpad: ItsLarrysistible
Insta: Pluie_d'Ã©toiles
Normandie ğŸ˜
Treat People With Kindness â¤ï¸ğŸ§¡ğŸ’›ğŸ’šğŸ’™ğŸ’œ|;
wattpad;PhilPlumeFic;" Le monde est un livre et ceux qui ne voyagent pas n'en lisent qu'une page. " ğŸ‡³ğŸ‡± - ğŸ‡©ğŸ‡ª - ğŸ‡¨ğŸ‡¿ - ğŸ‡¦ğŸ‡¹ - ğŸ‡ºğŸ‡¸ - ğŸ‡»ğŸ‡³ - ğŸ‡ªğŸ‡¸ - ğŸ‡®ğŸ‡¹ - ğŸ‡¹ğŸ‡­ - ğŸ‡§ğŸ‡ª  - ğŸ‡¬ğŸ‡·  - ğŸ‡µğŸ‡¹ - ğŸ‡±ğŸ‡°;https://t.co/o2PtgTXFsu
wattpad;TaeJustShine;#TAETAE âœ¨ #CHIMğŸ¤#KOOKIE ğŸŒ™ // Like an echo in the forest, close your eyes for the moment, hold my hand I remember... yeahh âœ¬ // á´®áµ€Ë á´¾á´¬áµ›á´±á´° áµ€á´´á´± áµ‚á´¬Ê¸ á´¬á´¿á´¹Ê¸ â‹† ğ“‡¼;https://t.co/JqN8fDOwCk
wattpad;sabriannie;ğŸŒ¬ğŸ’­L'amour ne rend pas aveugleğŸBien au contraire il Ã©veille//chacunsonmoteur\\â†˜ğŸ‘€â†™Â©e n'est/*Â¿Â¡*\quemoiÂ©en'est/*Â¡Â¿*\quetoiğŸOpenğŸmindğŸ;https://t.co/9k1zmczDjE
wattpad;JusteChloe1307;;https://t.co/VQtS3lXWep
wattpad;MaloneSilence;Ã‰crit du fantastique, de l'horreur et du thriller, avec des personnages tout cassÃ©s. Contient des traces de cynophilie. PP : @poika_;https://t.co/3hJWlK99wk
wattpad;HazMro28;|She/her
âœ¨Lights up and they know who you areâœ¨
Mes Ã©crituresâ€ºâ€ºâ€ºâ€º                                                
https://t.co/uqjx9pgkIr|;https://t.co/uqjx9pgkIr
wattpad;softblossomff;|Jâ€™Ã©cris des fanfictions sur Harry Potter, surtout des Dramione, et sur Le Labyrinthe. || Auteure de La derniÃ¨re danse de la lionne. ğŸ–Šâš¡ï¸|| Insta: soft.dramione|;https://t.co/Ov1sP9SPEH
wattpad;ACarlson75;Description non trouvÃ©e
wattpad;Tiny_Louiss;|||FanAccount|| OT5Stanâ–ªï¸
1D 13.06.2015 â–ªï¸
HS 11.03.2018â–ªï¸ Dancer â–ªï¸
#Walls #FineLine  #LP1 #HeartbreakWeather|;https://t.co/S0AsWs5PZw
wattpad;labooktillaise;|Elodie-Aude â˜€ï¸ || â¤ğŸŒ´ğŸ–¤ || IG : https://t.co/WBDvKfCMmW || Wattpad/YTB ğŸ¥ : labooktillaise || My Shop : @DidisBkm || Co-Fr @voxeorum|;https://t.co/itDqkiDMRh
wattpad;strgxods;|enby (they/them),
en fait- ascendant dÃ©gage,
vegan & kinda artsy,
icon by @GEOGR4PHY21|;https://t.co/xOXSRzRsiZ
wattpad;Rajasvir;|She/Her - #TeamAuteurs- La philosophie des couleurs. ğŸ–¤â¤ï¸ğŸ¤ğŸ§¡ğŸ’›ğŸ’šğŸ’™ğŸ’œğŸ¤

Autrice de la saga l'esprit du temps. Membre de la Juno family- @juno_publishing|;https://t.co/DyV4hcjtvI
wattpad;EdiciuSRaPTroM;|Artist #NFT
28 ğŸ‡«ğŸ‡·
#art #bloodygirl #gothic #painting
Instagram: @ediciusraptrom|;https://t.co/pC8e0ygPLo
wattpad;L_kiwi_Z;|J'essaye juste d'Ãªtre comme tous le reste. 
"Tattooed on my heart are the words of your favourite song"|;https://t.co/heLx32mimW
wattpad;RealNinoLahiffe;French miraculer ğŸ¢ğŸ“–ğŸ‘‡ğŸ‘‡ğŸ‘‡;https://t.co/Yha3gqGpoX
wattpad;BinBinLady_;bloom with grace;
wattpad;puff_bts;I like too many bands// 04.07.14/ 15.04.15/ 26.03.16/ 15.04.17/ 31.03.18/ 20.04.19// Noob// Bass //Jesus is the way// 23;
wattpad;doesheknow_fic;|Compte Twitter officiel de O-M-G. ğŸ’
Instagram officiel: @doesheknow_fanfic
Wattpad: @doesheknow_fanfic|;https://t.co/EBdCkGKO22
wattpad;Amorfx3;|Je prends la vie comme une oeuvre d'art. DÃ©veloppeur Web chez @frandroid et @numerama

Dispo pour du freelance

Twitch : https://t.co/6jqZRaCJNK
IG : amorfx3|;https://t.co/KAsjoGpdF5
wattpad;sosabebts;|BTS IS 7ğŸ’œğŸ’œğŸ’œğŸ’œğŸ’œğŸ’œğŸ’œ
â€œLe respect de la personne humaine se fonde sur son caractÃ¨re irremplaÃ§able.â€|;
wattpad;thLizzy_;|we hope u have a lovely day
(he-him) 

dÃ©mon de garde robe

all black lives matter Â°Â°Â°|;
wattpad;Azuly16;.;
wattpad;sara1929;;
wattpad;tortue_jade;|Les coccinelles sont des colÃ©optÃ¨res |||| â™’ğŸ‡¹ğŸ‡· |||| mange un yahourt|;
