oulipien;LucienSuel;|"PoÃ¨te ordinaire, romancier, jardinier, traducteur et bouseux psychÃ©dÃ©lique.  
Prochaine parution (en 2021) : "Arithmomania" aux Editions du Dernier TÃ©lÃ©gramme."|
oulipien;mornayl;"Auteur sous un autre nom et scÃ©nariste sous le nom de GÃ©rard Walraevens."
oulipo;StephaneLastere;|"#ERUN #TeamPE @Circo_pre16 #ASH #EcoleInclusive, mÃ©diation #BD 

Projets :
 #EcoleNumerique ( @ptchwrkfr @tw_oulipo )
pÃ©dagogie #BD (#PREACBD team, test #BDNF)"|
oulipo;CatherinePolver;"formatrice, musicienne ğŸ»ğŸ¼ğŸ¹ğŸµğŸ§šâ€â™€ï¸"
oulipo;LaurePressac;|"Consulting Partner @OgilvyConsultFR ; Ex strat + numÃ©rique @leCMN, Ex @CapgeminiInvent #transfodigitale #startup #femmes #musees #art #graffiti"|
oulipo;phparrot;"Avaleur d'idÃ©es, Tricoteur de mots, Agenceur de rimes. Comme l'ont fait, Ã  cette heure, plus de 1 000 000 de lecteurs, dÃ©couvrez tous mes Ã©crits sur mon blog !"
oulipo;Azumauve;""le premier pas vers la sagesse,c'est d'oser douter de son savoir." FranÃ§ois Rodolphe Weiss."
oulipo;PSVCirco;""
oulipo;Mstrka;"Hypnotiseur d'Ã©toiles Ã  ses heures perdues."
oulipo;nadia_gendre;"Expert Mode et Tissage @UNIDO_tunisia  @CLUSTER_DVLPMT Partenariats Ã©coles Ã  la https://t.co/4IFyHhElMq Mentoring Ã  https://t.co/e9efCrnpip"
oulipo;mstrk;"Aiguillonneur du ciel Ã  ses heures perdues. ( @Mister_K )"
oulipo;LOuLiPienne;"Les mots sont un jeu ğŸ“šğŸ“ #litteratureludique #litteratureexperimentale"
oulipo;Arnaud_Laporte;"En charge des @ACulturelles @franceculture . J'Ã©cris dans @VanityFairFR & @MagTheatres . Professeur au #CNSAD"
oulipo;SguonoShivko;""Quand on est poussiÃ¨re, il faut dâ€™abord se mettre en tas : câ€™est plus propre pour la personne qui viendrait vous ramasser." (Raymond DEVOS)"
oulipo;MarSolRivas;|"Pour passer directement Ã  2021, cliquez ici â¡ï¸ ğŸ”´
#ColoreTonFil #StreetArt #Oulipo #6mots #parodies #games FR/EN/+ @AmazingNewbot"|
oulipo;AndeP64;"Formatrice, ğŸ’™littÃ©rature, cinÃ©ma, thÃ©Ã¢tre, amatrice Ã©clairÃ©e dâ€™#Oulipo et de plein dâ€™autres choses, gribouilleuse de #PoÃ©sie ..."
oulipo;Bassogna;"professeur des Ã©coles -  ambassadrice #Savanturiers - formatrice/correctrice -#Twittclasse - #Minestory"
tweeterature;R2NChateau;Description non trouvÃ©e
tweeterature;botduSEXE;"Je suis un DDS"
tweeterature;MSpadine;"Just love everyday â¤ï¸â¤ï¸â¤ï¸ğŸ™ğŸ™ğŸ™ğŸ¶ğŸ¶ğŸ¶ @KVajpayaee @Katyayan27 #Katyayan ğŸ‡®ğŸ‡³ğŸ•‰ğŸ‡§ğŸ‡· â˜¯ï¸ğŸ‡®ğŸ‡± âœ¡ï¸ğŸ•"
poesia;DomJDom;"IngÃ©nieur des #ArtsetMÃ©tiers  Soutien de l'Association de DÃ©fense des Investisseurs et des Mandataires, Ã  @Cabinet_Noir et Ã  @ANTI_NANTI"
poesia;blancgerard2;"Auteur de plusieurs livres, dÃ©fenseur de lâ€™environnement, chef dâ€™entreprise dans le secteur alimentaire de produit biologiques, en perpÃ©tuel mouvement"
poesia;anton1955;"@anton1955 Tweeter, c'est comme ouvrir les yeux pour vÃ©rifier quâ€™on est bien endormi. ReprÃ©sentant en tankas et autres haÃ¯kus. Ni prospection ni porte Ã  porte."
poesia;larahernandezc6;|"NUNCA DEJES DE SONREIRğŸ¤—
NO GRUPOS.
NO MULTIMENCIONES.
MUCHAS GRACIAS!!"|
poesia;BabyGirl4xs;|"Nos musicalitÃ©s s'accordent si bien aux cÅ“urs Ã  corps ; et mon chemin m'a menÃ© jusqu'Ã  toi @MisterCoolos"|
poesia;alaindu891;"Gaucher de Gauche, milite depuis 1976. Je ne twitte qu en mon nom"
poesia;Thierry_PELTIER;"Catholique pratiquant, je traque les traces de Dieu dans ma vie. Je me place du cÃ´tÃ© des faibles, des exclus, des pauvres... Je bloque toujours les insultes."
poesia;etxebarre;"Kasetalari, Ã¼tzÃ¼lpen egile, eÃ¼skararen sÃ¼stazale / Journaliste, traducteur, militant de la langue basque."
poesia;Sydogasy;"Auteur, poÃ¨te, dÃ©fenseur de la nature et passionnÃ© de la photographie."
poesia;grarulfr_;"I'm a collective, we are no one and everyone."
poesia;gonza_yaqui;|"Luchador social, cantor, poeta, padre feliz de dos soles!
Master en Literatura y PolÃ­tica"|
poesia;Redragon974;"âŒâ­•ï¸"
poesia;boulfalley;"ğŸ›¸ğŸ‘½ğŸ”šğŸ”œğŸ•‰ï¸ğŸ§¬â˜ ï¸ğŸ‘ï¸ğŸ‘‘ğŸŒ"
poesia;xoselbrea;"MÃ©dico y MelÃ³mano. Abierto a todo lo humano. Centrado en Humanidades MÃ©dicas y MÃºsica. Y con necesidad de escribir https://t.co/A34pvq715l"
poesia;Chouny111;""
poesia;EricDubois;"Ã‰crivain. https://t.co/aXzw3voWLP Revue / association/ Ã©dition @capitaldesmots  Photo : Â© Peter Gabor, 2017. Compte officiel."
poesia;BleueEvelyne;"Femme petit gabarit grand sens de l'humour et dÃ©rision poÃ©tique"Je laisserai mes pas sur le sable" Ã©ditÃ© par La Porte.3livrets de micropoÃ©sies chez AetH"
poesia;SyllViie10;|"Carpe Diem - Que de l'amitiÃ©... Pour le reste â›” passez votre chemin..... â›”
Fuck le crabe... bientÃ´t 12 ans ...."|
poesia;VardorDe;"Â«Â Dans une guerre, ce qui se passe, ce n'est jamais ce qu'on avait prÃ©vu. Alors ce qui compte, c'est d'avoir le moral !Â Â» Bigeard"
poesia;PatouStVictor;"PlanÃ¨te Mars eille, au comptoir du Bar de la Marine. CÃ©sar j'attends mon Picon Citron CuraÃ§ao ! AvatarÂ©Tassili https://t.co/orwlemSiu3"
poesia;montpeita;"El Setmanari de Sant FruitÃ³s de Bages"
poesia;Occitanie_vers;"RT de textes et poÃ©sies, connus ou non. Juste pour le plaisir de partager de jolis mots #ligue_des_optimistes"
poesia;lerman_alix;"PoÃ©tesse,  j'aime Ã©crire, faire des vers, trouver des rÃ©sonances entre les mots."
poesia;thrsdaynight;"Poetry. Prose. Perspective."
poesia;PrinceMots14;"PoÃ¨te. Deux recueils publiÃ©s. PremiÃ¨res Ã‰tincelles, RÃ©miniscences. https://t.co/G2aei3T7SH"
poesia;Artudacamelot5;""
poesia;ionztomo16;"Licenciado en derecho ğŸ“ FotÃ³grafo y escritor âœï¸ No puedo volver al pasado porque era una persona distinta. Amigo de mis amiibos y amante de los 80's ğŸ§ ğŸ"
poesia;HerveTiss;"Loin de mes turpitudes, mon Ã¢me sâ€™exerce Ã  la #poesie , un peu maladroite, un peu bancale, mais sincÃ¨re et spontanÃ©e. Les TÃ©nÃ¨bres sont le reflet de ma maladie"
poesia;MHD_Ber;|"Je me DÃ©finis comme un IndÃ©fini./
Xel Koom La( L'intelligence est une richesse)/
Xel Mooy Niit( C'est la raison qui guide)!"|
poesia;mohamedabdoube1;"NÃ© a Fes en 18/04/1950 Architecte de formations.Retraite."
poesia;Laurentus47;"ouvrier Ã©crivain autodidacte"
poesia;annemar50566588;|"Le chemin le plus long qu'un homme ait Ã  parcourir au cours de sa vie est le chemin allant de la tÃªte Ã  son coeur #citation
#humanitÃ© ğŸ•Šï¸
#foi #nature
â›” DM"|
poesia;Lapanthere59;|"amoureuse de Marc, 
ğŸ’œğŸ’œğŸ’œâ™¥ï¸â™¥ï¸â™¥ï¸"|
poesia;m5rcury;""
poesia;Camille_Jeann;|"[Ph. Elliott Erwitt __France 1952]

I bambini giocano. C'Ã¨ un altro gioco da inventare: far sorridere il mondo non farlo piangere. (Bertolt Brecht)"|
poesia;diotime46;|"Une passante...Ã  sauts et Ã  gambades. 
Instable entre le Carpe Diem et l'effroi.
 "LÃ  oÃ¹ croÃ®t le pÃ©ril, croÃ®t aussi ce qui sauve"  HÃ¶lderlin"|
poesia;JalinJo;"Infirmier psy retraitÃ© qui pense que, finalement, le Gascognexit,  sans Bordeaux, serait bien avec des gens qui partagent les mÃªmes valeurs humanistes que moi !"
poesia;vrenanan;"j'aime la belle musique, les bonnes voitures, les gentil(le)s et oui les chats, la nature et la beautÃ©"
poesia;Cadetsandrine87;"fidÃ¨le Ã  ceux que j'aime..."
poesia;angbonnn;"Je ne suis pas rouge Ã©carlate Ni bleu ni blanc ni cramoisi Je suis d'abord un cri pirate De ces cris lÃ  qu'on interdit.Jean Ferrat"
poesia;JessMar62054620;"Baratillo. Sevilla. AndalucÃ­a   VERDE     Sevilla FC"
poesia;_ThinkBot;|"I RT #Literature, Poetry, writings
Have you Met My Mother 
@Lubna_lalegalâ¤ï¸
ThINK Publishers @Medium:
For Submissions: thinkpublication@gmail.com
Visit usâ¬‡"|
poesia;MiguelBalle_;"Un fois lÃ¢chÃ©e, la flÃ¨che ne peut retourner Ã  l'arc"
poesia;Philinte4;"Lecture, Ã©criture."
poesia;JacquinetJean;|"Enseignement fondamental
"Apprendre sans rÃ©flÃ©chir est vain. RÃ©flÃ©chir sans apprendre est dangereux" Confucius - LE CANCRE de Jacques PrÃ©vert"|
poesia;chantal_colland;"Fan Ã  Vie de Christophe Willem, PassionnÃ©e par la Danse,la Peinture (Aquarelle, StreetArt), les Enfants, les Animaux, ...Curieuse de tout mais hais la VulgaritÃ©"
poesia;LoCagouillard;|"J'ai pas d'apÃ´tre
 J'ai pas de croix
 Je crois en l'autre
 Je crois en moi 
Claude Nougaro"|
poesia;ZenAttitude1111;"Ne soyez pas victime du jugement et de la jalousie des autres Restez vous-mÃªmes contre vents et marÃ©es"
poesia;h_hatemi;"Ä°Ã§ hastalÄ±klarÄ± ve Endokrinoloji Prof. AÄŸustos MelÃ¢li adlÄ± ÅŸiir kitabÄ± ve 14 cild deneme kitabÄ± yazarÄ±..Eski CerrahpaÅŸa TÄ±p FakÃ¼lteli.HÃ¢len HaliÃ§ Ãœniversitesi"
poesia;PolymniaM;"#psy accÃ¨s sur l aide au travail paraPsy par gout /tout m intÃ©resse sauf les profiteur(ses) et hypocrites/poesie Art et danser sur indochine J Ã©cris parfois"
poesia;benedettiano;|"ğŸ–¤Sentimental, no dÃ©bilğŸ–¤ ||Transmitir sensaciones como objetivo||â€œEres la tinta de mis pensamientosâ€"|
poesia;patriziamiani;|"â€œWho looks outside, dreams; who looks inside, awakesâ€. ~C.G.Jung"|
poesia;ABMichle1;|"Autrice poÃ©tique mais pas que ğŸ™„
Ni listes, Ni MP indÃ©licats & tendancieux â›”

Mon dernier recueil sous contrat d'Ã©diteur :
https://t.co/Hngqvb37jfâ€¦"|
poesia;alphaoumarsow15;"la vie est prÃ©cieuse et de courte durÃ©e  il faut en prendre soin et ne pas gaspiller le temps."
poesia;Karim69739447;|"ğŸŒ¹Si l'impossibilitÃ© de nous rencontrer Ã©tait notre destinÃ©e, laissons nos rÃªves dans une ultime Ã©treinte s'aimer ğŸŒ¹
 Please no DMâ›”"|
poesia;poetaMariaSanz;|"Poeta y escritora hispalense. Desde 1976 en la poesÃ­a. Premios Ricardo Molina, Leonor, Tiflos, M. AlcÃ¡ntara, Valencia, Hnos. Machado. 
Spanish poet and writer."|
poesia;mrs_saeki;Description non trouvÃ©e
poesie;abdesatmai;"Vires, Artes, Mores."
poesie;Esoternet;"https://t.co/EgQ2b1yXBW En ligne : Tirage des Tarots, Oracle de Belline, Astrologie, NumÃ©rologie, Horoscope..."
poesie;anton1955;"@anton1955 Tweeter, c'est comme ouvrir les yeux pour vÃ©rifier quâ€™on est bien endormi. ReprÃ©sentant en tankas et autres haÃ¯kus. Ni prospection ni porte Ã  porte."
poesie;indranmx;"2020 Poetry Fellow Foundation for Contemporary Arts. The Migrant States ( https://t.co/7m3qCpgJ1q). Sur l'ile nostalgique (L'Harmattan) Paterson Poetry Prize."
poesie;IHoranimana;"Joie de vivre//Ambitieuse//Aime les aventures"
poesie;mhall55nine;"musician and news junkie seeking my daily workout, plant trees water plants move rocks create art grow grass play guitar cause i got the music in me!"
poesie;uvL4pzrb3qst0FL;""
poesie;navanan3;"Femme, 3 enfants ... Aimer. â¤ï¸ C'est un soleil dans la vie, une Ã©toile qui nous guide la nuit, une mÃ©lodie sans bruit...â¤ï¸"
poesie;PrayAndPlayHard;|"Football player ğŸˆ  D-End/Linebacker
#ToGODBeTheGlory #GrindEveryDay #ForgotenSonOfSpeed"|
poesie;eh_lit_elle;"ğŸ‘‘ #CatLover ğŸˆ Isaiah 43:4 Esclave de Christ. LeamanğŸ‘‘ğŸ‡³ğŸ‡¬ https://t.co/x7m9jWnNWO"
poesie;poemesdujour;"PoÃ¨mes du jour, un projet poÃ©tique et performatif â€¢ un jour un poÃ¨me depuis le 1er janvier 2017 â€¢ par @PierreComandu et des plumes occasionnelles."
poesie;Chouny111;""
poesie;vivian_bibi_;"ã„ã•ã‚„ã•ã‚“å¿œæ´ã‚¢ã‚«ã‚¦ãƒ³ãƒˆğŸ“£ãƒ‘ãƒ¯ãƒ¼ã‚¹ãƒˆãƒ¼ãƒ³ä¸­å¿ƒã«æ‹æ„›é‹ãƒ»äººé–“é–¢ä¿‚é‹ã‚¢ãƒƒãƒ—ã‚°ãƒƒã‚ºè²©å£²ä¸­ï¼https://t.co/cF6lavbeao æœ¬å¢â†’@Meteolite777"
poesie;BleueEvelyne;"Femme petit gabarit grand sens de l'humour et dÃ©rision poÃ©tique"Je laisserai mes pas sur le sable" Ã©ditÃ© par La Porte.3livrets de micropoÃ©sies chez AetH"
poesie;wehave3instock1;""
poesie;LeblancDomini10;"Auteur de poÃ©sies depuis une trentaine d'annÃ©es et trois ouvrages publiÃ©s"
poesie;Occitanie_vers;"RT de textes et poÃ©sies, connus ou non. Juste pour le plaisir de partager de jolis mots #ligue_des_optimistes"
poesie;krutcheria;""
poesie;gerdesilets;"c'est pas parce que jâ€™Ã©cris que c'est drÃ´le .... mais parce que tu ris??"
poesie;SolangeBCh;"Ã‰crivain @EditionsStock og mÃ³Ã°ir. LittÃ©rature & fin du monde sans importance."
poesie;EcritsdesForges;"Maison d'Ã©dition spÃ©cialisÃ©e en poÃ©sie, nous sommes Ã  l'Ã©coute des voix poÃ©tiques publiÃ©es et en devenir. Bienvenue aux talents d'hier et de demain !"
poesie;PrinceMots14;"PoÃ¨te. Deux recueils publiÃ©s. PremiÃ¨res Ã‰tincelles, RÃ©miniscences. https://t.co/G2aei3T7SH"
poesie;margueritecros;"Education aux mÃ©dias et Ã  l information Europe/MediterranÃ©e-Formation enseignants, journalistes"
poesie;berclazm;"Enseignante heureuse Ã  la retraite. Les photos sont de moi. Sans filtres. No lists,ğŸš« No MPğŸš« #ligue_des_optimistes"
poesie;versarepasser;|"Je tweete mes poÃ¨mes, les poÃ¨tes et tout ce qui m'inspire... Recueil en cours.

Prendre le pli
De la poÃ©sie
Ne plus s'en passer
Et la repasser
A autrui"|
poesie;khady_diatou;"Habiter la maison du Seigneur tout les jours de ma vie , je veux admirer sa beautÃ© et le contemplÃ© dans son temple ğŸ’˜"
poesie;HerveTiss;"Loin de mes turpitudes, mon Ã¢me sâ€™exerce Ã  la #poesie , un peu maladroite, un peu bancale, mais sincÃ¨re et spontanÃ©e. Les TÃ©nÃ¨bres sont le reflet de ma maladie"
poesie;BelPhilippe4;|"Jouer sur les mots jouer avec les maux...et les petits bonheurs. ğŸ˜‰ J'Ã©cris pour moi j' Ã©cris pour vous; et avoir des retours est aussi un plaisir ...â¤ï¸"|
poesie;CatherinePiech2;"George Michael ğŸ’œğŸŒˆ /Paco de LuciağŸ¤/ğŸŒ´Stevie Wonderâ­/flowers ğŸŒº/animals ğŸˆ/Monet, ğŸ¨/Rover du MoulinğŸ•/ğŸƒğŸğŸŒ±ğŸ‚ğŸŒ¿  Freedom ğŸ•ŠGM."
poesie;ketsialastar;"love God, love people"
poesie;rosmary1741;Description non trouvÃ©e
poesie;Mucheloon_;"// ğŸ‘» gvymichel ig: guymi_"
poesie;Armelle_Le_Gall;|"Prof de #LCA, 
"Comme la vie est jolie en ma #Bretagne bleue"
"Vivre, habiter la lumiÃ¨re de l'enfance, rÃ©sister, ne jamais s'habituer Ã  la douleur du monde""|
poesie;dorftrier;"ÃœberlebenskÃ¼nstlerin und TagtrÃ¤umerin. Man kÃ¶nnte wahnsinnig werden, weil man diese RealitÃ¤t nur schwer begreifen kann. Lebe im schÃ¶nen Schammatdorf ğŸ˜€ğŸ‘ğŸ»"
poesie;mako671178;"å®šå¹´é€€è·å¾Œã®ç”Ÿæ´»ã‚’ã—ã¦å±…ã‚Šã¾ã™ã€‚è¶£å‘³ã¯èª­æ›¸ã¨ãƒãƒƒãƒˆã€‚å› ã¿ã«å‡ºç”Ÿåœ°ã¯å››å›½æ„›åª›çœŒã®åƒ»é ã®åœ°ã®ã¨ã‚ã‚‹å¯’æ‘ã§ã™ã€‚ã€‚ã€‚ä¸–ã«è¨€ã‚ã‚Œã‚‹å›£å¡Šã®ä¸–ä»£ã€‚å·å´å¸‚ä¸­åŸåŒºåœ¨ä½ã€‚ğŸš« No Group ğŸš«"
poesie;acadorette76;"Artiste dans l'Ã¢me. ContrÃ´leure comptable de mÃ©tier. Amoureuse de la vie, de la nature et de vÃ©ritÃ©. CartÃ©sienne et forte mais sensible ayant une Ã¢me â£"
poesie;Laurent_Artufel;"Entertainer /Autobiographie disponible aux Ã‰ditions @jetsdencre Contact Presse : Barra Khoule 01 48 86 18 76 @artufelradio"
poesie;annemar50566588;|"Le chemin le plus long qu'un homme ait Ã  parcourir au cours de sa vie est le chemin allant de la tÃªte Ã  son coeur #citation
#humanitÃ© ğŸ•Šï¸
#foi #nature
â›” DM"|
poesie;BourgoisEditeur;"FondÃ©es en 1966, les Ã‰ditions Christian Bourgois sont spÃ©cialisÃ©es en littÃ©rature Ã©trangÃ¨re."
poesie;FlorenceGanesha;"Entre deux silences, faut-il choisir celui de la sagesse ou celui de la bÃªtise ?"
poesie;Lapanthere59;|"amoureuse de Marc, 
ğŸ’œğŸ’œğŸ’œâ™¥ï¸â™¥ï¸â™¥ï¸"|
poesie;bala01353396;"BE A 1.. ğŸ¤” Not 99 ...ğŸ’­ The new thinker~ à®ªà¯à®¤à®¿à®¯ à®šà®¿à®¨à¯à®¤à®©à¯ˆà®¯à®¾à®³à®©à¯ ~ scientist~à®µà®¿à®à¯à®à®¾à®©à®¿~ Business~à®µà®£à®¿à®•à®®à¯~ Naturalist~ à®‡à®¯à®±à¯à®•à¯ˆ à®†à®°à¯à®µà®²à®°à¯."
poesie;les_ecrits_fr;|"PoÃ©sies, PoÃ¨mes, RÃ©cits, RÃ©flexions, Ecrits divers... Un espace pour lire, s'exprimer, communiquer, transmettre...
Sur facebook https://t.co/b7ZOxUnEg1"|
poesie;IloveUriee;""
poesie;EEEDAecho;"Chanter, rÃªver, rire, passer, Ãªtre seul, Ãªtre libre, avoir lâ€™Å“il qui regarde bien, la voix qui vibre, mettre, quand il vous plaÃ®t, son feutre de travers..."
poesie;feuilledardoise;|"Collectionneuse, passionnÃ©e de #palÃ©ographie et #gÃ©nÃ©alogie - Amoureuse de sagas - Et prof de Lettres-
http://t.co/LsNmI5oqx2."|
poesie;petitesanalyses;"ğŸ“š Blogueur littÃ©raire et livreur dâ€™analyses ğŸ” #littÃ©rature #poÃ©sie #art"
poesie;bidaux_claudine;|"Aime la nature ğŸŒ¿ğŸŒ¹les animaux ** la poÃ©sie ğŸ–Œï¸ la musique ğŸ¶ tout style ğŸ§ mon idole
David Hallyday ğŸ¸ğŸ’™"|
poesie;jlints58;"Poet 48 years, Poor #tenderloinresident. Published in over 40 anthologies. Beat up by the judgement No. ğŸš©ğŸš«No DM's/Group tagsğŸš«ğŸš©Mute/Block"
poesie;HollowManSeries;"Bestselling & Award Winning Author of The Hollow Man Series -- Follows You -- Exec Director of Endangered Earthlings"
poesie;MrProverbe;Description non trouvÃ©e
poesie;phparrot;"Avaleur d'idÃ©es, Tricoteur de mots, Agenceur de rimes. Comme l'ont fait, Ã  cette heure, plus de 1 000 000 de lecteurs, dÃ©couvrez tous mes Ã©crits sur mon blog !"
poesie;LoCagouillard;|"J'ai pas d'apÃ´tre
 J'ai pas de croix
 Je crois en l'autre
 Je crois en moi 
Claude Nougaro"|
poesie;Giu_Fabiana;|"NO DM Grazie
NO LISTE PER PIACERE
NO GRUPPI
NO PORNO"|
poesie;SchuurmanFrano2;"Je n'ai jamais eu de chagrin qu'une heure de lecture ne m'ait Ã´tÃ©. Montesquieu"
poesie;MchlAllnc;"Vice-PrÃ©sident et co-fondateur de @HEURUS (by @realites) #RÃ©sidencesServicesSÃ©niors-Fan de #cyclisme #FabriquÃ©EnFrance #ConsommonsFrancais #patrioteğŸ‡«ğŸ‡·"
poesie;edjlazar;|"Social media & Graphics
I like my followers to benefit from retweeting their messages regularly.
Weekend retweet allocated for artists & musicians.
ğŸš«Porn
Eddie"|
poesie;PierreComandu;"PoÃ¨te dramatique. Homme de lâ€™ombre des @poemesdujour. Doctorant en Ã©tudes thÃ©Ã¢trales Ã  @SorbonneParis3. @RoyRhoam autogÃ©rÃ© Ã  ses heures."
poesie;ALBonniel;|"AttachÃ©e de presse aux Ã‰ditions La Table Ronde. 
Ceci est un compte personnel."|
poesie;francais_lycee;"Compte officiel du Proviseur // Ã‰tablissement scolaire franÃ§ais (maternelle - primaire - collÃ¨ge - lycÃ©e) conventionnÃ© avec lâ€™AEFE"
poesie;hannahghani;"no DMs, no filth, and no bigotry. happiness to you all. Midwifery profession. happily tied knot to Helen, the love of my life. Anniversary summer ğŸ’‹"
poesie;NyenimigaboA;"Computer and Software Engineer"
poesie;laetirature;"Documentaliste pour empailleurs de dinos, Ã©crivailleuse cinÃ©futile, photomateuse Ã©clectique.Tuer le temps en Ã©crivant n'est pas un crime. Compte perso. â›” No DM"
poesie;Plage_deserte;"ğŸŒŠğŸšUne fille de la Mer ğŸšğŸŒŠ"
poesie;indignee19;"â¤ï¸Je vis pour un instant............ et le reste du temps, je rÃªve que je dorsâ€¦â€¦je rÃªve que je rÃªve......â€¦"
lovestory;Abdoulaye_13_39;"Qu'Allah nous protÃ¨ge et nous donne la force nÃ©cessaire afin accomplir nos souhaits ğŸ™ğŸ¾ğŸ™ğŸ¾ @PSG_inside Parisien un jour parisien pour toujours â¤ğŸ’™"
lovestory;MDiankha_;"ONE LOVEâ¤#Cheikh Ibrahim Rta @psg_insideâš½ #WearetheNorthğŸ€ Go Follow @trollerfootğŸ‡¸ğŸ‡³âš½"
lovestory;AngelinoPapis;|"||God is Oneâ˜ğŸ½|| Coeurâ¤ï¸ d'un Mouride, EspritğŸ§  d'un Baye Fall, Ã‚meğŸ’« d'un Layenne. GestionnaireğŸ‘¨ğŸ¾â€ğŸ“||@Psg_insideâ¤ï¸ğŸ’™@MancityğŸ’™ğŸ¦ˆ#ğğ­ğšğ¤ğ®ğŸ€„
ğ•¯ğ–Šğ–’ğ–˜ğŸ––ğŸ½ğ–ğ–Š"|
lovestory;Fdnauthentik97;Description non trouvÃ©e
lovestory;AkaTakonet;"Japanese art shop online. ğŸŒğŸŒğŸŒ shipping. https://t.co/QPzR4hB9C6"
lovestory;Enzo42261543;"Pendant que le sage montre la lune l'idiot regarde le doigt"
lovestory;lefebvre25;"J'ai mÃªme Ã©tÃ© journaliste... De tout l'on cause. Le bonheur est ds les livres et dans les Ã©changes en regardant pousser ses enfants et grandir ses arbres"
lovestory;Annaaa__N;"From Allah, By Allah, For Allah,To Allahâ¤ Dieureudieufeii KHADIMOUL RASSOULâ¤ï¸âœ¨ @PSG_inside ğŸ”¥ğŸ’•@LakersğŸ€@neymarjrğŸ’â£ï¸@AnnanasNdeye is my babeğŸ“ğŸ¤"
lovestory;InkedOreo;|"Loyalty Over Love |||| StreetwearğŸ’¯ || Anime ğŸ’®|| Sport ğŸ€ & Chill â³"|
lovestory;Leyoung40;"J'ai foi en ma destinÃ©e ğŸŒğŸš¶â€â™‚ï¸ğŸ‡¬ğŸ‡³"
lovestory;KenzaSMG;"French Fashion, Beauty & Lifestyle blogger/youtuber since 2008 / TV host. Paris based. kenzasmg@gmail.com"
lovestory;ameenatandiaye;"Agent de Banque ğŸ‘©ğŸ¾â€ğŸ’». Bismillah et bienvenue dans mon univers â˜ºï¸ğŸ™ğŸ¾â¤ï¸"
lovestory;translatorchris;|"Ne jamais abandonner âœŠğŸ½ peu importe les difficultÃ©s 
 

Never give up ğŸ˜‰"|
lovestory;MamadouJohn1;|"Si tu ne comptes pas tes LDC avec au moins 2 mains ne te compares pas au meilleur club du monde mondial.
Real Madrid, Man U, SR4 and CR7 (the GOATğŸ) are bae â™¥ï¸"|
lovestory;Coumbaa01;"ğŸ–¤ğŸ¥¤"
lovestory;237_bg;|"l'homme a beaucoup de projets mais c'est le dessin de l'Ã©ternel qui s'accomplit 
abonne toiâ¤ğŸ™ je ferais de mÃªme 
mon jour 01/02/2004 ğŸ¥³
sympa,mignon,gentilğŸ‡¨ğŸ‡²"|
lovestory;MrProverbe;Description non trouvÃ©e
lovestory;lauthentic9;"Loin dâ€™Ãªtre pieux,jâ€™essaye juste de le devenir ğŸ™ğŸ¾.....un faible pour le jaaraf de Dakar, Milan et PSG â¤ï¸"
lovestory;mingas_as;|"jâ€™exprime ma pensÃ©e|| citoyen du monde|| DoxadÃ«m || Zundumu mbedd || Nitt kÃ©n douko Torokhal || Nitt kÃ©n douko KhÃ©p || Nitt kÃ©n douko Toutal"|
lovestory;MarieKanker01;Description non trouvÃ©e
lovestory;yayajr8;|"just a normal ladâ¤ï¸
God is my only one Hope ğŸ™ğŸ½
Follow the Process
#Liverpool best club in the World âš½"|
lovestory;birane_b;|"CM || RedactâœğŸ¾ || Entre le clavier et la chaise all day long ! #Processing....! #RealMadrid #TeamOM"|
lovestory;Thionizi;"#YNWA"
lovestory;Alaadjibah;|"Paris pour la vie,ma passion est nÃ©e de votre haine
Parisien pour la vieğŸ—¼âš½âš½âš½âš½ğŸ’ª"|
lovestory;me_woodson;"si enÃ¨ji wap degaje a pa pozitif plas ou paka bÃ² kote mâš–ï¸"
lovestory;Ninonchka;|"Ninon â™¡ â€¢ Blogueuse â€¢ TRAVELS || LIFESTYLE & ETC ğŸŒ¿ğŸ https://t.co/amDfsGNhbi / https://t.co/50UOZKSb9C"|
lovestory;Piatek911;Description non trouvÃ©e
lovestory;Mouhame16955831;"Dakar,SÃ©nÃ©gal @olâ¤ï¸ğŸ’™"
lovestory;teh_kotak24;|"ğŸ’ƒğŸ“¸ğŸ·ğŸ¶
Hobi motret || FreelanceğŸ“¸
Isinya keluhan."|
lovestory;MamyKa9;"FossettÃ©eâ¤ï¸et dÃ©bordante de vieğŸ¦‹Full of positive vibesğŸ’šAdouna is sololessğŸ“ŒForte,Folle,FantastiqueğŸ’˜partenariats/pubs ğŸ¤DIPDOUNDOUGUISSSğŸ¤â¤ï¸ 1m57ğŸ§šğŸ½â€â™€ï¸"
lovestory;Evadupea;"#Auteure aux #Ã©ditionsbmr.ğŸ‘©â€ğŸ’»J'ai un #chat.ğŸ±Je #bois du #rhum. ğŸ¹ Je porte des #lunettes.ğŸ¤“ Et parfois, j'#Ã©cris des #romans !âœ #PrÃ©jugÃ©s ? ğŸ’‹"
lovestory;Je_Pense_Tout_O;Description non trouvÃ©e
lovestory;DrameMouctar1;"Banquier, Manager, specialist in human resources management #RHlife  #Recrutement #Football #PSG #Kebetou"
lovestory;Grcemarina2;|"je procure de la joie peu importe mes humeurs || ğŸ‘»: marinapouambo"|
lovestory;BayeGorguiSeck;|"La libertÃ© consiste Ã  pouvoir faire tout ce qui ne nuit pas Ã  autruiâ˜˜
Juriste en devenirğŸ‘¨â€ğŸ“âš–ğŸ™"|
lovestory;Lapanthere59;|"amoureuse de Marc, 
ğŸ’œğŸ’œğŸ’œâ™¥ï¸â™¥ï¸â™¥ï¸"|
lovestory;UneReiine;"Parle moi bien , je suis pas ta pote ğŸ™‚ #Miss_Colombo #Bi #Pire_Cauchemar IG: Taacko_"
lovestory;bathie39;"@fcbarcelona Mes Que Un Club."
lovestory;mrwsou;"(âÂ´â—¡`â)"
lovestory;AdithyaTV;"The Official Page of Adithya TV. Watch Adithya TV Programs anytime and anywhere on https://t.co/nCkLuYfSCh"
lovestory;babacar_ibn;"Adouna amoul solo! ğŸ˜‚ğŸ˜ğŸ˜‚ #BARCA #OM ğŸ’šğŸ’›â¤ï¸ SÃ©nÃ©gal!ğŸ‡¸ğŸ‡³ğŸ‡¸ğŸ‡³ğŸ‡¸ğŸ‡³ #teamOM #Panafricanisme #Communication #Integration"
lovestory;Boubacar_Niasse;"ğ™¶ğš›ğšŠğš™ğš‘ğš’ğšŒ ğšğšğšœğš’ğšğš—ğšğš›ğŸ¬ğ’ğ®ğ¬ğ­ğšğ¢ğ§ğšğ›ğ¥ğ ğğğ¯ğğ¥ğ¨ğ©ğ¦ğğ§ğ­ ğğ§ğ ğ¢ğ§ğğğ«ğŸŒ±ğ‘ªğ’‰ğ’†ğ’Šğ’“ğ’‚ğ‘­ğ’‚ğ’ğ’ğŸ’¡ ğ˜¼ğ™ğ™¢ğ™–ğ™™ğ™¤ğ™ª ğ˜½ğ™–ğ™¢ğ™—ğ™– ğš™ğš˜ğš’ğš—ğšğŸ¤"
lovestory;Ternura4444;"In the end, only three things matter: how much you loved, how gently you lived, & how gracefully you let go of things not meant for you."
lovestory;NdiayeJulienne;|"crÃ©atrice de la marque de chaussures #Marosy
https://t.co/LONqBaBuk7
une parisienne fossettÃ©e â¤ğŸ’™ PSG ğŸ˜â¤"|
lovestory;meilleur_tv;"Ici vous verrez le meilleur de l'actualitÃ© en particulier de football, tennis et de politique, sujets qui m tiennent Ã  coeur."
lovestory;BlissStories;"Bliss.Stories est le premier podcast sans filtre sur la grossesse et l'accouchement : des histoires de maternitÃ© puissantes et inspirantes âš¡ï¸ğŸ™ï¸âš¡ï¸"
lovestory;irischacon1371;"Writing for screen, stage, radio, print, and the Web for #%&*() years, Iris writes sunshine and joy for your day. 2020 Book Excellence Award Finalist."
lovestory;Chinami_niji;"ğŸ‡©ğŸ‡¿ğŸ‡µğŸ‡±"
lovestory;DebraUllrick;"I'm a Christian romance author, married to a wonderful man for over 41 years, love my daughter, cats, monster trucks, hot rods and most of all Jesus."
lovestory;saucin_nadia;"ğŸ‘» ğ—»ğ—®ğ—±ğ—¶ğ—®_ğ˜€ğ—®ğ˜‚ğ—°ğ—¶ğ—»"
lovestory;alouh527;"#TeamOM ~ğŸ‡¦ğŸ‡·"
lovestory;Busybii;|"Beug Baye Insa Rouhou Lahi 
#bcmirl #bmdid 

Twitter isn't real life ğŸ¤ - kaf fo rÃ©e ğŸ¤« - pour le fun

PSG My Team, Okocha The Best

ğŸ’ğŸ’•BaeğŸ…±ï¸"|
lovestory;mhd_laminee;"ğŸ‡¸ğŸ‡³_ğŸ‡¨ğŸ‡¦ Etudiant en Maintenance informatique et rÃ©seaux R A P T I S be faithful to who you are... @FCB"
lovestory;galacticvers;"#VersosgalÃ¡cticos+Paint designs+mis ojos leen espaÃ±ol, my conscientious translates it into english et mon subconscient l'interprÃ¨t en franÃ§ais+ #poetrycommunity"
lovestory;fashu_bae;"Ø§Ù„Ø­Ù…Ø¯ Ù„Ù„Ù‡ Ø±Ø¨ Ø§Ù„Ø¹Ø§Ù„Ù…ÙŠÙ†"
lovestory;TorodoGaloya;"What did you expect?"
lovestory;JemimaTunani;|"JÃ©sus-Christ revient bientÃ´tğŸ™
ğŸ‡¨ğŸ‡©Leopards un jour,Simba pour toujoursâœ‹
BlaugranağŸ’™â¤

lingala meilleure langueğŸ’–ğŸ‘Œ"|
lovestory;joop_ibrahim;|"Enseignant.Amoureux du cuirâš½. Blogueur en herbe. 


ce que le public te reproche, cultive le, c'est toi


 https://t.co/SLpQ2ZrjAe"|
lovestory;AmbargoAmricai1;"rÃ©publicain"
lovestory;MameOusmaneSar3;|"Ã‰tudiant en sciences Ã©conomiques et de gestion Ã  l'universitÃ© de ThiÃ¨s âœ¨ğŸ’¯
Mbaxal Sama Side ğŸ‘ŠğŸ¿
#MousTarchid4Ever
#PsgFans ğŸ’™â™¥ï¸"|
lovestory;SanguPatriote;"Suivez moi sur Instagram avec le nom de patriote sangu.                  https://t.co/abwXpmwQca"
lovestory;BaneFatoumata;"Â«La vida es una y es un carnaval Â»"
lovestory;_diarina_;"FootLover âš½ï¸â¤,PSGaddictâš½ğŸ’™ #PSGâš½ï¸â¤ #CommunicationğŸ‡¸ğŸ‡³ğŸ‘©â€ğŸ’»#SantÃ© ğŸ‘©â€âš•ï¸#PrÃ©sentatrice,Voix-offğŸ¤ğŸ¬Serigne Babacar SyğŸ’¯â¤ï¸ğŸ“¿ Seul le respect me sÃ©duit.! ğŸ»â¤ğŸ’¯"
lovestory;NdiayeGaindeSn1;|"ğŸ‘‰ğŸ¿ || Manchester United - Marseille - Rap - Digitale ||ğŸ––ğŸ¿"|
lovestory;true_young1;"Ã‰tudiant en Droit, Basketteur,Otaku"
lovestory;ayu_rezzaayu;Description non trouvÃ©e
lovestory;BoxingJeremy;"Boxeur. L'Ã©chec n'est pas une option !"
lovestory;Neymarmed10;Description non trouvÃ©e
lovestory;bingiewinkyg;Description non trouvÃ©e
lovestory;weebitori;"salu Ã§a piche I @weebiali @weebinini IğŸ¤ s #girlssupportgirls l she/her"
lovestory;Mlle_Niane;|"â¤ğŸ˜
@Psg_Inside â¤ğŸ’™
ğŸ‡¸ğŸ‡³"|
lovestory;BoukariBassiro3;"voilÃ  ğŸ‘ on fait comme chez nous service libre sans regrets ni remords ğŸ‘ŒâœŒï¸ğŸ’‹â˜ï¸"
lovestory;layebop4PF;"â¤ï¸ğŸ’™xğŸ”´âš«ï¸"
lovestory;BabaMoustapha8;"med~student ğŸ‡¹ğŸ‡©ğŸ›«ğŸ‡¸ğŸ‡³ ğŸ“š âšªï¸Madridista Ã  vie"
lovestory;seenrin;""
lovestory;Jr1brahimaNdao;|"ğŸŒµğŸŒµ
I'm a waveğŸŒŠ
Cactus JackğŸ¤
TGODğŸ’š
PSGğŸ’™â¤Arsenalâ™¥ï¸Man CityğŸ’™ K D B
GALSENğŸ’šğŸ’›â¤ğŸ‡¸ğŸ‡³
J'avoue je suis un peu parano ou tokhh doff
I Lov Music
DÃ©veloppeur"|
lovestory;PaulCurtis1956;"I have been writing for about thirty years originally for my own amusement although I now enjoy inflicting it on other people."
lovestory;taphaloo;Description non trouvÃ©e
lovestory;SanoussyDiop;Description non trouvÃ©e
lovestory;idrissa___;|"la ilaha ilaLah,Mohammad rassoul Lah || Bamba Notre guide ||S.SaLiou MbackÃ©-As-sÃ¢lihaâ¤ï¸ || @sunumarket_sn ğŸ¡|| BarÃ§a|| OM|| #MessiğŸ˜ || #super_etoile || #buzzlab || #92i"|
tanka;anton1955;"@anton1955 Tweeter, c'est comme ouvrir les yeux pour vÃ©rifier quâ€™on est bien endormi. ReprÃ©sentant en tankas et autres haÃ¯kus. Ni prospection ni porte Ã  porte."
tanka;Thierry_PELTIER;"Catholique pratiquant, je traque les traces de Dieu dans ma vie. Je me place du cÃ´tÃ© des faibles, des exclus, des pauvres... Je bloque toujours les insultes."
tanka;navanan3;"Femme, 3 enfants ... Aimer. â¤ï¸ C'est un soleil dans la vie, une Ã©toile qui nous guide la nuit, une mÃ©lodie sans bruit...â¤ï¸"
tanka;kaleidopathic;|"I ğŸ’— to write. I like to go where the yarn leads me. Yarn as in fiber or a tale. 

âœ¨ eclectic #micropoetry #haiku âœ¨"|
tanka;Faustruy;|"#PoÃ©sie #HaÃ¯ku #Tanka dans les â™¥, 140 signes pile @Fastwoosh, 280 signes pile @delevrance #Twoosh & #1mot1haÃ¯ku !
#LittÃ©rature #TwittÃ©rature #PoÃ¨me
â£ï¸Æ¨Ï…nÇvnÇiê“­"|
tanka;murmures7;""
tanka;Chouny111;""
tanka;BleueEvelyne;"Femme petit gabarit grand sens de l'humour et dÃ©rision poÃ©tique"Je laisserai mes pas sur le sable" Ã©ditÃ© par La Porte.3livrets de micropoÃ©sies chez AetH"
tanka;haiku_shelf;"Some count syllables! Not me! ----- RT not endorsement."
tanka;arnanos;"Textes et photos personnels."
tanka;griffonnageora1;|"AthÃ©e. Contre toutes injustices. ğŸ´ Tout ce qui est raciste , vulgaire sera bloquÃ©  .
Activiste pour la Paix 
Palestine Yemen anti colonialisme anti capitalisme"|
tanka;PrinceMots14;"PoÃ¨te. Deux recueils publiÃ©s. PremiÃ¨res Ã‰tincelles, RÃ©miniscences. https://t.co/G2aei3T7SH"
tanka;HerveTiss;"Loin de mes turpitudes, mon Ã¢me sâ€™exerce Ã  la #poesie , un peu maladroite, un peu bancale, mais sincÃ¨re et spontanÃ©e. Les TÃ©nÃ¨bres sont le reflet de ma maladie"
tanka;BelPhilippe4;|"Jouer sur les mots jouer avec les maux...et les petits bonheurs. ğŸ˜‰ J'Ã©cris pour moi j' Ã©cris pour vous; et avoir des retours est aussi un plaisir ...â¤ï¸"|
tanka;Lapanthere59;|"amoureuse de Marc, 
ğŸ’œğŸ’œğŸ’œâ™¥ï¸â™¥ï¸â™¥ï¸"|
tanka;kujakupoet;"Seeking asylum is LEGAL.  Gay, Green, Quaker, Native,  narcoleptic, poet. Editor of Atlas Poetica : A Journal of World Tanka. He/him/his."
tanka;AngoJehan;"La Compagnie Jehan-Ango ? Des comÃ©diens amateurs qui partagent une mÃªme passion : le thÃ©Ã¢tre... Venez nous voir jouer Ã  Dieppe et sa rÃ©gion !"
tanka;Charlotte3450;"des mots, des photos . PS : Ã€ 51 ans il y a bien longtemps que je ne crois plus au prince charmant ğŸ˜Š Ã  bon entendeur"
tanka;DinaBail;""
tanka;TweetDePoemes;"Nous retweetons les plus beaux tweets poÃ©tiques #poÃ©sie #lecture #twittÃ©rature #EcritureNumÃ©rique #poetweet #webpoesie #littÃ©rature tweetdepoemes@gmail.com"
tanka;Genevieve_Magg;"Point n'est besoin d'Ã©crire pour avoir de la poÃ©sie dans ses poches (LP Fargue) . Ã€ fleur de peau. Ã€ fleur de mots. Aimer Vivre Lire RÃªver"
poema;TallandoPoemas;"SÃ­ estÃ¡s aquÃ­ es porque eres uno de los nuestros: No quieres mÃ¡s ese verso sencillo, la palabra fÃ¡cil o la rima predecibleâœï¸"
poema;MonterrosaSv;"El conocimiento es un libro inteligente, mientras que la sabidurÃ­a es la aplicaciÃ³n del conocimiento de ese libro a la vida cotidiana."
poema;Sv____________;"Lineas nada mas ..."
poems;montalbanyi;|"Qui trouvera une femme forte?
Elle est plus prÃ©cieuse que tous les joyaux venus des extrÃ©mitÃ©s du monde (proverbes xxxi , 10)"|
poems;RonovanWrites;|"Dad/Author/Poet/Blogger/Reviews/Historian/StarvingCreative. BSEd. UGA alumnus. I vote Candidate, not Party.
https://t.co/LUL2R0LaaV https://t.co/O0Y2VBvC8n"|
poems;BrassWeb;"News, Tech  #Technology #Electronics #Laptops #Tablets #Cellphones #computers #news #Books #History #Politics #Webhosting #Camping #EDC #IFB #FollowBack"
poems;PrayAndPlayHard;|"Football player ğŸˆ  D-End/Linebacker
#ToGODBeTheGlory #GrindEveryDay #ForgotenSonOfSpeed"|
poems;eh_lit_elle;"ğŸ‘‘ #CatLover ğŸˆ Isaiah 43:4 Esclave de Christ. LeamanğŸ‘‘ğŸ‡³ğŸ‡¬ https://t.co/x7m9jWnNWO"
poems;literatureposts;"I tweet and retweet a lot of great authors and books. I also try to return all retweets from my followers. #Authors #Books #Ebooks #Literature #LiteraturePosts"
poems;StephenARalph;"freelance writer/editor, actor/director, burlesque host, trivia host, DJ, wedding officiant, writing tutor"
poems;tweetoeuvre;|"Dreamer, writer, and storyteller; dabbling in #nanofiction #micropoetry #vss Challenging myself every day to say it all in #twitpoetry"|
poems;JaneJago1;|"Why am I here?
I guess I better mention the writing thing. And the drawing.
#DaiandJulia 
https://t.co/NWWWDC6E1F
#justtrippedovermytits
#amreadingindy"|
poems;BooksMontreal;"littÃ©rature, musique, cinÃ©ma"
poems;jeremylimn;"Writerholic â˜…Wiradjuri Tribe. â˜… Book Eater. â˜…Published Poet â˜… Philosopher. Political commentator. All views are my own."
poems;khady_diatou;"Habiter la maison du Seigneur tout les jours de ma vie , je veux admirer sa beautÃ© et le contemplÃ© dans son temple ğŸ’˜"
poems;CraggKlarah;"dabs_with_sgtdave"
poems;ketsialastar;"love God, love people"
poems;Mucheloon_;"// ğŸ‘» gvymichel ig: guymi_"
poems;galacticvers;"#VersosgalÃ¡cticos+Paint designs+mis ojos leen espaÃ±ol, my conscientious translates it into english et mon subconscient l'interprÃ¨t en franÃ§ais+ #poetrycommunity"
poems;ObsidianPublish;|"A corollary of Obsidian Eagle AKA @ItzQuauhtli Specializes in: Anti-Poetry & Esoterica. Book Promo || Random RTs || Revolution Untelevised #CybeRSecuritY #InfOSeC"|
poems;arjshopnow25;|"!!!Now itâ€™s time to find your thing!!!
https://t.co/pDaKRwyWcq
https://t.co/Ro3K7AJSKV
https://t.co/i2pFx0QKxB
https://t.co/Rvw9ri11sh"|
poems;beta3093;|"13ans RERD, +30ans RERB et mÃ©tros 
Chats, chien, animaux, nature, soleil +++
MÃ¨re monoparentale"|
poems;Adam71181572;"l love Music, Nature and Working out"
poems;IloveUriee;""
poems;catherinemaz;Description non trouvÃ©e
poems;BuyCoolTShirts;"Buy Cool T-Shirts and Tees. #TShirts"
poems;scribaland;|"scribaland@bluewin.ch,
Ici,toute prÃ©sence humaine concoure Ã  l'Ã©panouissement de l'art! une Ã©vasion rÃ©elle, 1 coupe de mots= menu royal! https://t.co/ZiKrG6wLjC"|
poems;HistoryInbooks;"Just tweeting history, my favorite subject. I follow back. #History #HistoryBooks"
poems;ZenAttitude1111;"Ne soyez pas victime du jugement et de la jalousie des autres Restez vous-mÃªmes contre vents et marÃ©es"
poems;emswifthook;"I write #FortunesFools #Scifi #DarkSpaceOpera & #DaiandJulia #AlternativeHistory. Friend to #rescuechickens & #indieauthor! https://t.co/CSaPVhzuHV @SciFiRoundtable"
poems;felinemusings;"A writer with logical thoughts flowing from an absurd mind. I indulge in #microfiction and #micropoetry through @tweetoeuvre and on insta @aneeshashewani"
poems;UneDemoiselleLR;|"* Food, Lecture, Nature & BeautÃ© â¤
* Accro au thÃ© ğŸµ et au chocolat ğŸ«
* Ex blogueuse lifestyle Ã  Paris
#LaRochelle"|
poems;LonBixby;"Fine Art Photographer, #writer #author #TomStoneDetectiveStories #ApartmentZero #artist #photographer #neoichi #CarvedInStoneMedia"
poems;BadoglioMy;|"La Femme qui aime normalement sous le soleil adore frÃ©nÃ©tiquement sous la lune. 

ğŸ‘©â€â¤ï¸â€ğŸ‘©ğŸŒˆğŸ‘­.                   G. de Maupassant"|
poems;GorgenaGreen;|"Creative graphic and website designer/developer and expert animator and illustrator
Email:gorgeenagreen@gmail.com"|
textedereconfinement;HelenJuren;|"Folk Ethnik 
singer-songwriter 
chanteuse auteure-compositrice"|
haiku;Nuittoile3;|"Bio: Je l'Ã©crirai un jour pour votre plus grand plaisir...
Elle fera deux pages au moins..."|
haiku;jmariasaravia;"JL Hola, Amor y Felicidad a todos JL."
haiku;levagabondbleu;"Depuis 2016, j'Ã©cris des haÃ¯kus. Errant dans les rÃªveries esseulÃ©es, les langages de l'univers, l'alchimie des silences et les artÃ©facts de la pensÃ©e sauvage."
haiku;Douxglass;"Capitaine du Nautilus sous l'Ã®le de Noirmoutier en VendÃ©e France , rÃ©dacteur au Journal Le Cri du Bigorneau ... A suivre .... Aujourd'hui en Exil.."
haiku;Jonquil33312865;""
haiku;HaikuPurs;"Haiku sans prÃ©tentation"
haiku;Dragon94749728;"Spreading the teachings & #poems of #Buddhism #Zen #Buddha #Dogen #Suzuki - enjoy the #journey!"
haiku;navanan3;"Femme, 3 enfants ... Aimer. â¤ï¸ C'est un soleil dans la vie, une Ã©toile qui nous guide la nuit, une mÃ©lodie sans bruit...â¤ï¸"
haiku;poemesdujour;"PoÃ¨mes du jour, un projet poÃ©tique et performatif â€¢ un jour un poÃ¨me depuis le 1er janvier 2017 â€¢ par @PierreComandu et des plumes occasionnelles."
haiku;sylvain_massot;"Avant j'Ã©tais pessimiste, maintenant c'est pire."
haiku;Chouny111;""
haiku;tagescollagen;"contemporary collage artist"
haiku;robertf91986553;|"geboren/born in LÃ¼beck, Germany; Kunsttherapeut/Therapist in Art; Arbeit in der Altenpflege/ Work at old people's home"|
haiku;HaikusDeLuke;"Luke LeBlanc publie sur Amazon Kindle de la littÃ©rature jeunesse, de la poÃ©sie et de l'humour (blanc, jaune, noir, etc.)."
haiku;BleueEvelyne;"Femme petit gabarit grand sens de l'humour et dÃ©rision poÃ©tique"Je laisserai mes pas sur le sable" Ã©ditÃ© par La Porte.3livrets de micropoÃ©sies chez AetH"
haiku;haiku_shelf;"Some count syllables! Not me! ----- RT not endorsement."
haiku;EcrirePlaisir;|"Amoureux de mots tantÃ´t doux, tantÃ´t osÃ©s...
(Attention! Contenu sensible publiÃ© ou partagÃ©...ğŸ”)"|
haiku;yanpbd;"Auteur (Ã  l'essai). In French"
haiku;Babylon13069202;|"Nouvelle version de' Daydream' du groupe wallace collection en tÃ©lÃ©chargement sur iTunes. VidÃ©o  version franÃ§ais/anglais
http://t.co/kQ1Tsud8jF"|
haiku;gerdesilets;"c'est pas parce que jâ€™Ã©cris que c'est drÃ´le .... mais parce que tu ris??"
haiku;gilles_compte;""
haiku;prunedaler;"Mighty haiku writer, crusher of candy."
haiku;JSoyeuse;|"#haikus #Ã©rotiques libres.
Pour public adulte +18 ans."|
haiku;letittwitt;"Anime mots en libertÃ©...."
haiku;Gloria_R_Grante;|"Before: Editor-in-Chief + TV Executive Producer + Ocean Racer || Still: Plain Sailor + Haikuist + 10th Man Rule Advocate"|
haiku;PimentBlond;"Je suis lÃ  - mais pas trop"
haiku;llligiouxxx2;"BoÃ®te Ã  musiqueğŸ¶ğŸµ...Aime les motsğŸ“šğŸ“–âœ’ et faire les pÃ¢tisseriesğŸ‚ğŸ°ğŸ¨ğŸ˜ŠSoyez les bienvenusâ™¥ ğŸš«No DM!ğŸš«"
haiku;raphaeldetrie;"#haÃ¯ku poÃ¨te parfois pouet #Epicurien #tousavelo ğŸ·surğŸ· Ã‰coute le silence des #CÃ©vennes , #Montpellier #ESS et travailleur-militant Ã  @MutGrandSud"
haiku;griffonnageora1;|"AthÃ©e. Contre toutes injustices. ğŸ´ Tout ce qui est raciste , vulgaire sera bloquÃ©  .
Activiste pour la Paix 
Palestine Yemen anti colonialisme anti capitalisme"|
haiku;PrinceMots14;"PoÃ¨te. Deux recueils publiÃ©s. PremiÃ¨res Ã‰tincelles, RÃ©miniscences. https://t.co/G2aei3T7SH"
haiku;poemjapan;"Poet / JAPAN / KYOTO / haiku / poem /  tanka  / freehaiku / poems   follow me (:"
haiku;MartialGoubet;|"Des lettres Ã©parpillÃ©es en se liant forment des syllabes qui n'ont un sens que si elles font naÃ®tre des mots.

MG membre de la SACEM,
tous droits rÃ©servÃ©s."|
haiku;CHTIMIDE1;|"Du Nord
PoÃ¨te du plat pays qui est le mien.
HaÃ¯kus et quatrains

La peau hÃ©sitante
            Tente la poÃ©sie..."|
haiku;SimonVa64971411;"Musique, Ã©criture, photographie, crÃ©ations plastiques, soyez les bienvenus dans l'univers fantastique de L'Vanneti."
haiku;PseudoLuce;""
haiku;JacquesMercier;"Ecriture, scÃ¨ne, journalisme, radio et tÃ©lÃ©... La vie est toujours passionnante !"
haiku;bbvoron;Description non trouvÃ©e
haiku;Livresplyriel;|"Elle est retrouvÃ©e
QUOI ?- L' EternitÃ©."|
haiku;MalcMerlyn;"#jdr #informatique #DoctorWho #inclusion #diversitÃ© #BLM #JusticeSociale #Neuroatypique #TroubleDÃ©ficitAttention #StarTrek"
haiku;annemar50566588;|"Le chemin le plus long qu'un homme ait Ã  parcourir au cours de sa vie est le chemin allant de la tÃªte Ã  son coeur #citation
#humanitÃ© ğŸ•Šï¸
#foi #nature
â›” DM"|
haiku;Lapanthere59;|"amoureuse de Marc, 
ğŸ’œğŸ’œğŸ’œâ™¥ï¸â™¥ï¸â™¥ï¸"|
haiku;RobertGrinza;|"Geometra || Italiano e cittadino europeo || Fotografia ||Tutte le fotografie sono state scattate da me, tranne RT || Architettura, arte, letteratura, sport... ||"|
haiku;SandraDulier;"PoÃ¨te et plume funambule - Dans la poussiÃ¨re des mots naissent les rÃªves. LaurÃ©ate Prix Jury Automne ShortEdition 2018.  #poÃ©sie #SampoÃ©sie #micropoetry"
haiku;lepolymorphe;"Tourneur-phraseur"
haiku;CattyKoala;|"Wordplay & PoemsÂ©: (click on link)
---   I walk on my flaws  ---....
** Please: No Group tweets**
Need time for followback"|
haiku;Lizaacat;|"SorciÃ¨re Ã  vÃ©lo 
Des fois, je bidouille des trucs"|
haiku;franceindia2016;"Le Taj Mahal, merveille de marbre blanc et  symbole de l'Amour absolu qui perdure au delÃ  de la mort de l'Ãªtre adorÃ©...."
haiku;Paulo18000;"Ã‰changer, partager, apprendre, comprendre, grandir ğŸŒºğŸ‘ŒğŸ½ğŸŒğŸ‘"
haiku;MonseurM;|"Clinicienne dans l'Ã¢me, mobilisÃ©e dans la dÃ©fense de la nature et des animaux.
Hobbies : musique, lecture, Ã©criture, arts,...crÃ©ativitÃ©
Amoureuse de la vie"|
haiku;YvesBouillon;|"PoÃ¨te ; psychologue.
Docteur en psychologie.
(Portrait : Guimontheil. BanniÃ¨re : Thibault Marka)"|
haiku;bidaux_claudine;|"Aime la nature ğŸŒ¿ğŸŒ¹les animaux ** la poÃ©sie ğŸ–Œï¸ la musique ğŸ¶ tout style ğŸ§ mon idole
David Hallyday ğŸ¸ğŸ’™"|
haiku;1490csebwbe;""
haiku;son_bilboquet;|"MariğŸ’‘ @yeux_c ,pÃ¨re ğŸ‘¨â€ğŸ‘©â€ğŸ‘§â€ğŸ‘¦, bousculÃ© par la vie â›ˆ, des dÃ©sirs plein la tÃªte mais ne sait pas quoi en faire.
#ouvertdesprit #Ã©rotisme #haiku #Ã©criture"|
haiku;phparrot;"Avaleur d'idÃ©es, Tricoteur de mots, Agenceur de rimes. Comme l'ont fait, Ã  cette heure, plus de 1 000 000 de lecteurs, dÃ©couvrez tous mes Ã©crits sur mon blog !"
haiku;SabrinaLger1;|"Autrice et poÃ¨te 
ğŸ“§ sabrina.leger19@gmail.com
ğŸŠ Mettez de la #poÃ©sie et de la #poÃ©sitivitÃ© dans :
ğŸ“Œ votre vie  / ğŸ“Œ vos romans  /ğŸ“Œ votre business"|
haiku;PierreComandu;"PoÃ¨te dramatique. Homme de lâ€™ombre des @poemesdujour. Doctorant en Ã©tudes thÃ©Ã¢trales Ã  @SorbonneParis3. @RoyRhoam autogÃ©rÃ© Ã  ses heures."
haiku;LdOptimistes;"#Ligue_Des_Optimistes ğŸ’•ğŸ˜… PensÃ©es positives #Respect bienveillanceğŸŒ· sont les maÃ®tres mots de ses membres.Nous bÃ¢tissons l'optimistosphÃ¨re ğŸŒ #ensembleğŸ¤—"
haiku;virginiel27;"Auteure de crÃ©ations YouTube sur MylÃ¨ne Farmer."
haiku;FrancoMexique;"Projet culturel dâ€™Ã©lÃ¨ves de #FLE qui se lancent dans la crÃ©ation littÃ©raire. Bienvenue dans cet espace de partage dâ€™idÃ©es francophones!"
haiku;AntonyAulin;|"âœï¸ #Auteur en #AutoÃ©dition sur #Amazon. PrÃ©sentation sur : https://t.co/9CKIb0xg33 || #Livre "Au-delÃ  des dunes" et "Contraste" || La chaÃ®ne #YouTube : #Grain2Phonie"|
haiku;rss1337;"zicos ğŸ¶ vidÃ©aste ğŸ“½ storyteller ğŸ“– romantic warrior âš˜ ğŸŒˆ https://t.co/RF2r6wBkTX - insta : sebrider1 - Projet en cours d'Ã©criture : Suki Story â¤"
haiku;Coeur_Turquoise;|"Vous pouvez retrouver mon univers turquoiseğŸ¦‹ sur OverBlog
https://t.co/UZNmJ8ZGKO
 #ligue_des_optimistes"|
haiku;philoli68;Description non trouvÃ©e
textedepoesie;HelenJuren;|"Folk Ethnik 
singer-songwriter 
chanteuse auteure-compositrice"|
antipoetry;BuyCoolTShirts;"Buy Cool T-Shirts and Tees. #TShirts"
antipoetry;HistoryInbooks;"Just tweeting history, my favorite subject. I follow back. #History #HistoryBooks"
antipoetry;ObsidianPublish;|"A corollary of Obsidian Eagle AKA @ItzQuauhtli Specializes in: Anti-Poetry & Esoterica. Book Promo || Random RTs || Revolution Untelevised #CybeRSecuritY #InfOSeC"|
antipoetry;BrassWeb;"News, Tech  #Technology #Electronics #Laptops #Tablets #Cellphones #computers #news #Books #History #Politics #Webhosting #Camping #EDC #IFB #FollowBack"
antipoetry;literatureposts;"I tweet and retweet a lot of great authors and books. I also try to return all retweets from my followers. #Authors #Books #Ebooks #Literature #LiteraturePosts"
poeme;Pierred55302313;""
poeme;p0ezi;""
poeme;Esoternet;"https://t.co/EgQ2b1yXBW En ligne : Tirage des Tarots, Oracle de Belline, Astrologie, NumÃ©rologie, Horoscope..."
poeme;plumesauvent;|"Association promouvant l'Ã©criture.
Des nouvelles sont Ã  lire sur https://t.co/KM9bcajTHQ
#actualitÃ© #littÃ©rature #concours #Ã©criture"|
poeme;levagabondbleu;"Depuis 2016, j'Ã©cris des haÃ¯kus. Errant dans les rÃªveries esseulÃ©es, les langages de l'univers, l'alchimie des silences et les artÃ©facts de la pensÃ©e sauvage."
poeme;paulkrush1;"Livraison ğŸ´â€â˜ ï¸ğŸ‡©ğŸ‡ªğŸ‡¨ğŸ‡¦ğŸ‡ºğŸ‡¸ğŸ‡§ğŸ‡ªğŸ‡«ğŸ‡· passer vos commandes snap: macbeuh , Wickr : macbeuh33"
poeme;HelenJuren;|"Folk Ethnik 
singer-songwriter 
chanteuse auteure-compositrice"|
poeme;smith00120;Description non trouvÃ©e
poeme;Anthony_Dziri;"Jeune pÃ¨lerin (Pas trÃ¨s intelligent), Ã©crivain et poÃ¨te ! Futur conducteur de transformers Jojofag Ã©galement !"
poeme;LaboPACA;"Le Labo des histoires donne le pouvoir et le goÃ»t d'Ã©crire aux jeunes de moins de 25 ans. #Ã‰critureCrÃ©ative #AteliersGratuits #EcritureEnLibertÃ© #EAC"
poeme;Annecy_Live;"Annecy is #AliveğŸŒ #AnnecyLive, info continue #Annecy (Venice of the French Alps, Capital of Haute-Savoie, Lac, Festival) #job rejoins groupe Linkedin 'Annecy'"
poeme;masterweedpro;"Shit beuh coc dispo livraison rapide et discrÃ¨te Ã  domicile"
poeme;gerdesilets;"c'est pas parce que jâ€™Ã©cris que c'est drÃ´le .... mais parce que tu ris??"
poeme;antalmos;|"Auteur auto-Ã©ditÃ© de #Thrillers et #horreur sur Amazon. 
60 ans et 6 mois, susceptibles de changements"|
poeme;SimonVa64971411;"Musique, Ã©criture, photographie, crÃ©ations plastiques, soyez les bienvenus dans l'univers fantastique de L'Vanneti."
poeme;verte_france;Description non trouvÃ©e
poeme;ZniberIsmael;|"Debate champ @FFDebat, Former President @AssasMondeArabe & @AllianceAssas, Founder @Wikimedia_MA || @legalmena || @AssasParis2 || #Law #Diplomacy"|
poeme;PLInst_Paris;"L'actualitÃ© culturelle polonaise en France. L'Institut polonais de Paris vous propose des expositions, des concerts et bien d'autres Ã©vÃ©nements !"
poeme;Laurent_Artufel;"Entertainer /Autobiographie disponible aux Ã‰ditions @jetsdencre Contact Presse : Barra Khoule 01 48 86 18 76 @artufelradio"
poeme;LThinot;|"Directrice du Labo des histoires Paca @LaboPACA  #EcritureenLibertÃ© #EducPop #CrÃ©ativitÃ© #ProfdeLettres
#Admin_AFLTransition

La jeunesse est notre avenir."|
poeme;Nouv_Branches;|"#GÃ©nÃ©alogie
#ChallengeAZ
#100ansavant1900
#PresseAncienne
#Gallicanaute
#1Å’uvre1Caricature"|
poeme;beta3093;|"13ans RERD, +30ans RERB et mÃ©tros 
Chats, chien, animaux, nature, soleil +++
MÃ¨re monoparentale"|
poeme;les_ecrits_fr;|"PoÃ©sies, PoÃ¨mes, RÃ©cits, RÃ©flexions, Ecrits divers... Un espace pour lire, s'exprimer, communiquer, transmettre...
Sur facebook https://t.co/b7ZOxUnEg1"|
poeme;ThomasD66440461;"salut la famille Besoin de la bonne frappe ğŸ contacter nous viağŸ‘‰ snap/                   reneweed20"
poeme;feuilledardoise;|"Collectionneuse, passionnÃ©e de #palÃ©ographie et #gÃ©nÃ©alogie - Amoureuse de sagas - Et prof de Lettres-
http://t.co/LsNmI5oqx2."|
poeme;ShopTaWeed1;Description non trouvÃ©e
poeme;MrProverbe;Description non trouvÃ©e
poeme;phparrot;"Avaleur d'idÃ©es, Tricoteur de mots, Agenceur de rimes. Comme l'ont fait, Ã  cette heure, plus de 1 000 000 de lecteurs, dÃ©couvrez tous mes Ã©crits sur mon blog !"
poeme;RastaBot420_;"Petit robot vertâœŒ"
poeme;PhilThePoete;"Bonjour, Bonsoir, Bonne nuit... Ici il y a de la poÃ©sie, de l'humour, du hockey et des jeux vidÃ©os... DrÃ´le de mÃ©lange, mais c'est moi !!"
poeme;R2NChateau;Description non trouvÃ©e
poeme;spacy_m;"75 liner, amateur writer, loveeees reading and binge watching some good TV shows,  A.R.M.Y. mom  WWH SeokJin biased , ATINY, MOA, STAY and more"
poeme;poemes;|"pouemes(at)https://t.co/9EswPfDo7w || PoÃ¨te 
Poesie, poeme, poetry, poem, poesia, poema, gedicht, dichtung, Ï€Î¿Î¯Î·ÏƒÎ·, è¯—, è©©, ì‹œë¥¼, ÑÑ‚Ğ¸Ñ…Ğ¾Ñ‚Ğ²Ğ¾Ñ€ĞµĞ½, ÑÑ‚Ğ¸Ñ…Ğ¸, Ğ¿Ğ¾ÑĞ·Ğ¸Ñ, Ğ¿Ğ¾ÑĞ¼Ğ°, Ø§Ù„Ø´Ø¹Ø±, ÅŸiir,"|
poeme;AntonyAulin;|"âœï¸ #Auteur en #AutoÃ©dition sur #Amazon. PrÃ©sentation sur : https://t.co/9CKIb0xg33 || #Livre "Au-delÃ  des dunes" et "Contraste" || La chaÃ®ne #YouTube : #Grain2Phonie"|
poeme;4tOxard;"Jaime"
poeme;TextesalaPelle;"Le grand inventaire des concours d'Ã©criture et appels Ã  textes du web francophone. #appelatextes #concoursecriture #concoursnouvelles #at #jeprendslaplume"
poeme;_ThinkBot;|"I RT #Literature, Poetry, writings
Have you Met My Mother 
@Lubna_lalegalâ¤ï¸
ThINK Publishers @Medium:
For Submissions: thinkpublication@gmail.com
Visit usâ¬‡"|
poeme;KevinLKarel1;"I Like Steven Universe,The Owl House, Other Cartoons And Other Stuff"
poem;Gouttes_d_Encre;|"Quelques gouttes d'encre/ Savoure mes vers/ Sur les traces de ma plume Ã¢cre / Je te peins mon univers

#lecture #Ã©criture #musique #voyage #cinÃ©ma"|
poem;mireilleda1;"Auteur de six romans,le 6 Ã¨me publiÃ© sous mon nom de jeune fille Vitrac AthÃ©e!contre l'intolÃ©rance,le racisme,anti FN,la libertÃ© et ma famille sont mes drogues!"
poem;levagabondbleu;"Depuis 2016, j'Ã©cris des haÃ¯kus. Errant dans les rÃªveries esseulÃ©es, les langages de l'univers, l'alchimie des silences et les artÃ©facts de la pensÃ©e sauvage."
poem;montalbanyi;|"Qui trouvera une femme forte?
Elle est plus prÃ©cieuse que tous les joyaux venus des extrÃ©mitÃ©s du monde (proverbes xxxi , 10)"|
poem;KatherineKean;"Contemporary, #vegan, #artist exploring visual motion of natural phenomena. #art #Contemporary #LandscapePainting https://t.co/tA01WyddEI"
poem;BrassWeb;"News, Tech  #Technology #Electronics #Laptops #Tablets #Cellphones #computers #news #Books #History #Politics #Webhosting #Camping #EDC #IFB #FollowBack"
poem;Dragon94749728;"Spreading the teachings & #poems of #Buddhism #Zen #Buddha #Dogen #Suzuki - enjoy the #journey!"
poem;navanan3;"Femme, 3 enfants ... Aimer. â¤ï¸ C'est un soleil dans la vie, une Ã©toile qui nous guide la nuit, une mÃ©lodie sans bruit...â¤ï¸"
poem;Flau69;"eyes open, but I see black, yes, I'm an insomniac. irony is the fact that it's my dreams that leave me restless so I lay here, breathless"
poem;Steven_Stokes;"Head of Communications and Engagement for @air_ambulance & @EmrtsWales. @theRSAorg Fellow. @CIPRnfp Secretary. @CIPR_UK Member. Occasional haikuist. Own views."
poem;nerdpanthy;"I generally don't believe in wisdom.                                        Dalit,Atheist, Art connoisseurğŸ’™ğŸ’™ğŸ’™"
poem;HelenJuren;|"Folk Ethnik 
singer-songwriter 
chanteuse auteure-compositrice"|
poem;literatureposts;"I tweet and retweet a lot of great authors and books. I also try to return all retweets from my followers. #Authors #Books #Ebooks #Literature #LiteraturePosts"
poem;NYpoet;"Poet/writer/teacher. 3 kids/3 books. Prose. @NYTimes @RDispatches @HarvardDivinity Author: GLAMOUROUS LIFE (More coming soon!)"
poem;Kari_Dzair;"NO DM â›”ï¸"
poem;ClaireCRaphael;"Ecrivain, poÃ¨te - IngÃ©nieur de la police scientifique - Les militantes, Ã©ditions du Rouergue mars 2020"
poem;BleueEvelyne;"Femme petit gabarit grand sens de l'humour et dÃ©rision poÃ©tique"Je laisserai mes pas sur le sable" Ã©ditÃ© par La Porte.3livrets de micropoÃ©sies chez AetH"
poem;ClaireCapitaine;|"Un chat, un livre et une tasse de thÃ© : une  certaine idÃ©e du bonheur 
RÃ©voltÃ©e , contradictoire et rÃªveuse 
DÃ©pressive mais pas seulement"|
poem;gerdesilets;"c'est pas parce que jâ€™Ã©cris que c'est drÃ´le .... mais parce que tu ris??"
poem;duchessyellow;"creator of pretentious music                               ceo of classicalwave"
poem;STEFXAV2;"Une deuxiÃ¨me chance ne se manque pas"
poem;Nocturnal_Nyxx;|"Hello everyone ğŸŒğŸ³ï¸â€ğŸŒˆâšœï¸ğŸŒ¸ğŸ‡¯ğŸ‡µ

Gaming cosplay, mangas, pÃ¢tisserie, Japon, Photograph, BiSexual 
Blood Type B, LionğŸ¦, SerdaigleğŸ¦…

Insta :OceanideAphrodite"|
poem;PimentBlond;"Je suis lÃ  - mais pas trop"
poem;PrinceMots14;"PoÃ¨te. Deux recueils publiÃ©s. PremiÃ¨res Ã‰tincelles, RÃ©miniscences. https://t.co/G2aei3T7SH"
poem;TinyPoemBot;"tiny poems for big feels. bot by @thishungrypanda. all tweets are automated."
poem;poemjapan;"Poet / JAPAN / KYOTO / haiku / poem /  tanka  / freehaiku / poems   follow me (:"
poem;okayaicha;"mixed kid âš¡ because they don't let you check 'all that apply' so you have to check 'other' ğŸ‡²ğŸ‡¦ ğŸ´ó §ó ¢ó ³ó £ó ´ó ¿"
poem;berclazm;"Enseignante heureuse Ã  la retraite. Les photos sont de moi. Sans filtres. No lists,ğŸš« No MPğŸš« #ligue_des_optimistes"
poem;BelPhilippe4;|"Jouer sur les mots jouer avec les maux...et les petits bonheurs. ğŸ˜‰ J'Ã©cris pour moi j' Ã©cris pour vous; et avoir des retours est aussi un plaisir ...â¤ï¸"|
poem;AnnnnaJo;"Juste une plume qui va lÃ  oÃ¹ la vie la porte. Livres & Ebooks sur Kobo & Amazon. Voyage, VidÃ©o, Blog, Intuitions, PoÃ©sie, Chroniques, Musique, Dessin, Citation."
poem;mihoub_boualem;"La plume prend les voiles du rÃªve, dÃ¨s lors que les mots lui sont, dans leur splendeur, un abri Ã©motionnel."
poem;annemar50566588;|"Le chemin le plus long qu'un homme ait Ã  parcourir au cours de sa vie est le chemin allant de la tÃªte Ã  son coeur #citation
#humanitÃ© ğŸ•Šï¸
#foi #nature
â›” DM"|
poem;ObsidianPublish;|"A corollary of Obsidian Eagle AKA @ItzQuauhtli Specializes in: Anti-Poetry & Esoterica. Book Promo || Random RTs || Revolution Untelevised #CybeRSecuritY #InfOSeC"|
poem;Nouv_Branches;|"#GÃ©nÃ©alogie
#ChallengeAZ
#100ansavant1900
#PresseAncienne
#Gallicanaute
#1Å’uvre1Caricature"|
poem;beta3093;|"13ans RERD, +30ans RERB et mÃ©tros 
Chats, chien, animaux, nature, soleil +++
MÃ¨re monoparentale"|
poem;yubartina;"NacÃ­ en la Luna, me criÃ© en JÃºpiter y ahora sobrevivo en la Tierra. Live every day as if it were your lastğŸ¬ğŸƒ ğŸ¶ ğŸ‘‰No DM/MD â›”ï¸ No multimenciones â›”ï¸ No grupos"
poem;Surazeus;"é—œè©©é›¨ ê¶Œì‹œìš° Cartographer. Epic Poet. Hermead epic poem about Philosophers 126,680 lines of blank verse. https://t.co/u5RlRCo3tO"
poem;ANASTALYA;Description non trouvÃ©e
poem;donadulcinea;|"ğŸ¶ Welcome in my Prison of Words ğŸ¶
You cannot sing if you cannot scream ğŸ¶ Maria JoÃ£o Pires ğŸ¶"|
poem;evfrapiere;"#PubAuthor #ProjectMgr #Poet #Poetry #Poemoir #Bookofpoems #Writer #Storyteller #DowntonAbbeyFAN Amazon Page: https://t.co/KnrjeXJVav"
poem;BuyCoolTShirts;"Buy Cool T-Shirts and Tees. #TShirts"
poem;bidaux_claudine;|"Aime la nature ğŸŒ¿ğŸŒ¹les animaux ** la poÃ©sie ğŸ–Œï¸ la musique ğŸ¶ tout style ğŸ§ mon idole
David Hallyday ğŸ¸ğŸ’™"|
poem;UmamuOrg;"UMAMU means Umani e Macchine per Avventure in Magici Universi - we imagine, write, paint and play new amazing fantastic stories."
poem;HistoryInbooks;"Just tweeting history, my favorite subject. I follow back. #History #HistoryBooks"
poem;BagaStudio;"Community Manager #B2B #B2C #socialmedia #marketing aider les entreprises Ã  se dÃ©velopper en ligne #Digital  #WebMarketing #GrowthHacking"
poem;phaneres;"I like to eat poetry and to write kimchi."
poem;Alisone_Davies;"ğŸ“Drogheda / ğŸ» Student Violinist / ğŸ“š Writer & Poet / ğŸ’» Web Designer / ğŸ¨ Artist / ğŸ§œğŸ»â€â™€ï¸ Laytownâ€™s Mermaid / ğŸŒ• Astrophotographer / ğŸ”® Eclectic Witch"
poem;MrProverbe;Description non trouvÃ©e
poem;EchoLedauphin;Description non trouvÃ©e
poem;Moussarase;|"Photographe & crÃ©ateur @Bagastudioâœ¨DiplÃ´mÃ© en Sociologie spÃ©cialisÃ© en DÃ©veloppement Social
PrÃ©sident association @asso_ranime #education #solidarite
ğŸ‡«ğŸ‡·ğŸ‡¬ğŸ‡³"|
poem;R2NChateau;Description non trouvÃ©e
poem;alphaoumarsow15;"la vie est prÃ©cieuse et de courte durÃ©e  il faut en prendre soin et ne pas gaspiller le temps."
poem;so_hitorigoto_;"ç‹¬ï¾˜èªÂ°hitorigoto   ssw(éå»å½¢) äººå‰ã§æ­Œã†ã“ã¨è¾ã‚ã¾ã—ãŸã€‚æ°—ã¾ã¾ã«æ­Œè©ã‚’å‘Ÿãã¾ã™ğŸˆ"
poem;jeremylimn;"Writerholic â˜…Wiradjuri Tribe. â˜… Book Eater. â˜…Published Poet â˜… Philosopher. Political commentator. All views are my own."
poem;Coeur_Turquoise;|"Vous pouvez retrouver mon univers turquoiseğŸ¦‹ sur OverBlog
https://t.co/UZNmJ8ZGKO
 #ligue_des_optimistes"|
micropoetry;DomJDom;"IngÃ©nieur des #ArtsetMÃ©tiers  Soutien de l'Association de DÃ©fense des Investisseurs et des Mandataires, Ã  @Cabinet_Noir et Ã  @ANTI_NANTI"
micropoetry;blancgerard2;"Auteur de plusieurs livres, dÃ©fenseur de lâ€™environnement, chef dâ€™entreprise dans le secteur alimentaire de produit biologiques, en perpÃ©tuel mouvement"
micropoetry;anton1955;"@anton1955 Tweeter, c'est comme ouvrir les yeux pour vÃ©rifier quâ€™on est bien endormi. ReprÃ©sentant en tankas et autres haÃ¯kus. Ni prospection ni porte Ã  porte."
micropoetry;levagabondbleu;"Depuis 2016, j'Ã©cris des haÃ¯kus. Errant dans les rÃªveries esseulÃ©es, les langages de l'univers, l'alchimie des silences et les artÃ©facts de la pensÃ©e sauvage."
micropoetry;alaindu891;"Gaucher de Gauche, milite depuis 1976. Je ne twitte qu en mon nom"
micropoetry;BabyGirl4xs;|"Nos musicalitÃ©s s'accordent si bien aux cÅ“urs Ã  corps ; et mon chemin m'a menÃ© jusqu'Ã  toi @MisterCoolos"|
micropoetry;Thierry_PELTIER;"Catholique pratiquant, je traque les traces de Dieu dans ma vie. Je me place du cÃ´tÃ© des faibles, des exclus, des pauvres... Je bloque toujours les insultes."
micropoetry;Sydogasy;"Auteur, poÃ¨te, dÃ©fenseur de la nature et passionnÃ© de la photographie."
micropoetry;etxebarre;"Kasetalari, Ã¼tzÃ¼lpen egile, eÃ¼skararen sÃ¼stazale / Journaliste, traducteur, militant de la langue basque."
micropoetry;grarulfr_;"I'm a collective, we are no one and everyone."
micropoetry;Sylvain_Pierre;"PoÃ¨te Ã  mes heures. Peut dÃ©river selon le voyage. / Qu'est-ce que la poÃ©sie ? Une pensÃ©e dans une image. - Johann Wolfgang von Goethe"
micropoetry;boulfalley;"ğŸ›¸ğŸ‘½ğŸ”šğŸ”œğŸ•‰ï¸ğŸ§¬â˜ ï¸ğŸ‘ï¸ğŸ‘‘ğŸŒ"
micropoetry;Redragon974;"âŒâ­•ï¸"
micropoetry;Chouny111;""
micropoetry;EricDubois;"Ã‰crivain. https://t.co/aXzw3voWLP Revue / association/ Ã©dition @capitaldesmots  Photo : Â© Peter Gabor, 2017. Compte officiel."
micropoetry;robertf91986553;|"geboren/born in LÃ¼beck, Germany; Kunsttherapeut/Therapist in Art; Arbeit in der Altenpflege/ Work at old people's home"|
micropoetry;BleueEvelyne;"Femme petit gabarit grand sens de l'humour et dÃ©rision poÃ©tique"Je laisserai mes pas sur le sable" Ã©ditÃ© par La Porte.3livrets de micropoÃ©sies chez AetH"
micropoetry;VardorDe;"Â«Â Dans une guerre, ce qui se passe, ce n'est jamais ce qu'on avait prÃ©vu. Alors ce qui compte, c'est d'avoir le moral !Â Â» Bigeard"
micropoetry;PatouStVictor;"PlanÃ¨te Mars eille, au comptoir du Bar de la Marine. CÃ©sar j'attends mon Picon Citron CuraÃ§ao ! AvatarÂ©Tassili https://t.co/orwlemSiu3"
micropoetry;Occitanie_vers;"RT de textes et poÃ©sies, connus ou non. Juste pour le plaisir de partager de jolis mots #ligue_des_optimistes"
micropoetry;prunedaler;"Mighty haiku writer, crusher of candy."
micropoetry;thrsdaynight;"Poetry. Prose. Perspective."
micropoetry;PrinceMots14;"PoÃ¨te. Deux recueils publiÃ©s. PremiÃ¨res Ã‰tincelles, RÃ©miniscences. https://t.co/G2aei3T7SH"
micropoetry;Artudacamelot5;""
micropoetry;HerveTiss;"Loin de mes turpitudes, mon Ã¢me sâ€™exerce Ã  la #poesie , un peu maladroite, un peu bancale, mais sincÃ¨re et spontanÃ©e. Les TÃ©nÃ¨bres sont le reflet de ma maladie"
micropoetry;MHD_Ber;|"Je me DÃ©finis comme un IndÃ©fini./
Xel Koom La( L'intelligence est une richesse)/
Xel Mooy Niit( C'est la raison qui guide)!"|
micropoetry;mohamedabdoube1;"NÃ© a Fes en 18/04/1950 Architecte de formations.Retraite."
micropoetry;galacticvers;"#VersosgalÃ¡cticos+Paint designs+mis ojos leen espaÃ±ol, my conscientious translates it into english et mon subconscient l'interprÃ¨t en franÃ§ais+ #poetrycommunity"
micropoetry;Laurentus47;"ouvrier Ã©crivain autodidacte"
micropoetry;annemar50566588;|"Le chemin le plus long qu'un homme ait Ã  parcourir au cours de sa vie est le chemin allant de la tÃªte Ã  son coeur #citation
#humanitÃ© ğŸ•Šï¸
#foi #nature
â›” DM"|
micropoetry;Lapanthere59;|"amoureuse de Marc, 
ğŸ’œğŸ’œğŸ’œâ™¥ï¸â™¥ï¸â™¥ï¸"|
micropoetry;m5rcury;""
micropoetry;SandraDulier;"PoÃ¨te et plume funambule - Dans la poussiÃ¨re des mots naissent les rÃªves. LaurÃ©ate Prix Jury Automne ShortEdition 2018.  #poÃ©sie #SampoÃ©sie #micropoetry"
micropoetry;Camille_Jeann;|"[Ph. Elliott Erwitt __France 1952]

I bambini giocano. C'Ã¨ un altro gioco da inventare: far sorridere il mondo non farlo piangere. (Bertolt Brecht)"|
micropoetry;diotime46;|"Une passante...Ã  sauts et Ã  gambades. 
Instable entre le Carpe Diem et l'effroi.
 "LÃ  oÃ¹ croÃ®t le pÃ©ril, croÃ®t aussi ce qui sauve"  HÃ¶lderlin"|
micropoetry;JalinJo;"Infirmier psy retraitÃ© qui pense que, finalement, le Gascognexit,  sans Bordeaux, serait bien avec des gens qui partagent les mÃªmes valeurs humanistes que moi !"
micropoetry;CattyKoala;|"Wordplay & PoemsÂ©: (click on link)
---   I walk on my flaws  ---....
** Please: No Group tweets**
Need time for followback"|
micropoetry;vrenanan;"j'aime la belle musique, les bonnes voitures, les gentil(le)s et oui les chats, la nature et la beautÃ©"
micropoetry;Cadetsandrine87;"fidÃ¨le Ã  ceux que j'aime..."
micropoetry;angbonnn;"Je ne suis pas rouge Ã©carlate Ni bleu ni blanc ni cramoisi Je suis d'abord un cri pirate De ces cris lÃ  qu'on interdit.Jean Ferrat"
micropoetry;MiguelBalle_;"Un fois lÃ¢chÃ©e, la flÃ¨che ne peut retourner Ã  l'arc"
micropoetry;Philinte4;"Lecture, Ã©criture."
micropoetry;bougonnette;"Au delÃ  de l'horizon, les poÃ©tesses, les poÃ¨tes, seront, toujours, lÃ  !"
micropoetry;chantal_colland;"Fan Ã  Vie de Christophe Willem, PassionnÃ©e par la Danse,la Peinture (Aquarelle, StreetArt), les Enfants, les Animaux, ...Curieuse de tout mais hais la VulgaritÃ©"
micropoetry;LoCagouillard;|"J'ai pas d'apÃ´tre
 J'ai pas de croix
 Je crois en l'autre
 Je crois en moi 
Claude Nougaro"|
micropoetry;ZenAttitude1111;"Ne soyez pas victime du jugement et de la jalousie des autres Restez vous-mÃªmes contre vents et marÃ©es"
micropoetry;h_hatemi;"Ä°Ã§ hastalÄ±klarÄ± ve Endokrinoloji Prof. AÄŸustos MelÃ¢li adlÄ± ÅŸiir kitabÄ± ve 14 cild deneme kitabÄ± yazarÄ±..Eski CerrahpaÅŸa TÄ±p FakÃ¼lteli.HÃ¢len HaliÃ§ Ãœniversitesi"
micropoetry;PolymniaM;"#psy accÃ¨s sur l aide au travail paraPsy par gout /tout m intÃ©resse sauf les profiteur(ses) et hypocrites/poesie Art et danser sur indochine J Ã©cris parfois"
micropoetry;DinaBail;""
micropoetry;thenarcopoet;"The kosmic cupbearer of Digital narcopoetry."
micropoetry;Karim69739447;|"ğŸŒ¹Si l'impossibilitÃ© de nous rencontrer Ã©tait notre destinÃ©e, laissons nos rÃªves dans une ultime Ã©treinte s'aimer ğŸŒ¹
 Please no DMâ›”"|
micropoetry;DevlinDeLaChapa;Description non trouvÃ©e
micropoetry;evfrapiere;"#PubAuthor #ProjectMgr #Poet #Poetry #Poemoir #Bookofpoems #Writer #Storyteller #DowntonAbbeyFAN Amazon Page: https://t.co/KnrjeXJVav"
micropoetry;mrs_saeki;Description non trouvÃ©e
5lines;venise312;Description non trouvÃ©e
5lines;DinaBail;""
5lines;MJDougherty33;"International Irish humanist pantheist dog-whisperer, otter fancier gardener head chef. I also write fantasy. First bestseller coming as soon as I've written it"
5lines;berclazm;"Enseignante heureuse Ã  la retraite. Les photos sont de moi. Sans filtres. No lists,ğŸš« No MPğŸš« #ligue_des_optimistes"
5lines;TweetDePoemes;"Nous retweetons les plus beaux tweets poÃ©tiques #poÃ©sie #lecture #twittÃ©rature #EcritureNumÃ©rique #poetweet #webpoesie #littÃ©rature tweetdepoemes@gmail.com"
5lines;Chouny111;""
6words;MartialGoubet;|"Des lettres Ã©parpillÃ©es en se liant forment des syllabes qui n'ont un sens que si elles font naÃ®tre des mots.

MG membre de la SACEM,
tous droits rÃ©servÃ©s."|
6words;Chouny111;""
6words;laetirature;"Documentaliste pour empailleurs de dinos, Ã©crivailleuse cinÃ©futile, photomateuse Ã©clectique.Tuer le temps en Ã©crivant n'est pas un crime. Compte perso. â›” No DM"
6words;mrs_saeki;Description non trouvÃ©e
6mots;Nuittoile3;|"Bio: Je l'Ã©crirai un jour pour votre plus grand plaisir...
Elle fera deux pages au moins..."|
6mots;SalohyRamanga;|"I am all about "go for that life you deserve"
Also, do it with passion or don't do it at all.
#serendipity"|
6mots;BabyGirl4xs;|"Nos musicalitÃ©s s'accordent si bien aux cÅ“urs Ã  corps ; et mon chemin m'a menÃ© jusqu'Ã  toi @MisterCoolos"|
6mots;lucablanco73;"This profile was visited and then followed also by an Angel who then left bat left his imprint"
6mots;BlueDiaphane;"FlÃ¢neries de #PoÃ©sie #Livres #Nature  #Astronomie * Cultiver le respect , l'utopie , la douceur , l'humour , l'Ã©trangetÃ© , le tout parsemÃ© d'Ã©toiles ! *"
6mots;SusanJ009;""
6mots;BleueEvelyne;"Femme petit gabarit grand sens de l'humour et dÃ©rision poÃ©tique"Je laisserai mes pas sur le sable" Ã©ditÃ© par La Porte.3livrets de micropoÃ©sies chez AetH"
6mots;Paracelsia;Description non trouvÃ©e
6mots;daveasy1;"#Toulouse #Occitanie #ğŸŒ #â˜®ï¸ #ğŸš¹#ğŸ†“ #amourdesmotsetdesgens"
6mots;CorinneVezian;Description non trouvÃ©e
6mots;AbbeyHartmann;|"J'Ã©coute, je regarde, je photographie et j'Ã©cris  & #apolitique #scribe
#author #photographer #actor #lyricist"|
6mots;Scotch46585745;Description non trouvÃ©e
6mots;gwoomilord;"47Â° 9â€™ S 126Â° 43â€™ O"
6mots;modymasoandro;"Grumpy af ğŸ™„"
6mots;LagierNathan;""
6mots;elrayZ;"En Tous Cas â€¢ D'amour, D'automne â€¢ Versions RÃ©itÃ©rÃ©es De La Prose â€¢ #CafÃ©ineetPlomb #PensÃ©esduJour #prose #tragicpoet"
6mots;RManifeste;Description non trouvÃ©e
6mots;MiracleSeeeker;|"â€œAll power tends to corrupt; absolute power corrupts absolutely.â€ ~Lord Acton"|
6mots;6pO6jQTJIqGtidO;"ã„ã„ãªã¨æ„Ÿã˜ãŸå†™çœŸã‚’é›†ã‚ã¦ã¾ã™ğŸ•µğŸ»ç‰¹ã«ãƒ¢ãƒã‚¯ãƒ­ã¨æµ·â€¥ãã—ã¦æ·¡ã„è‰²å‘³ã®ã‚‚ã®ã«æƒ¹ã‹ã‚Œã‚‹ã“ã¨ãŒåˆ¤æ˜ğŸ’•ç§è‡ªèº«ã‚‚ãŸã¾ã«iPhoneã§æ’®ã£ã¦ã¾ã™ğŸ¤³ğŸ»ã„ã„ã­ã‚‚è¦—ã„ã¦ã¿ã¦ã­ğŸ‘NO DMâŒ"
6mots;G44Dx;"Ù„Ø³Øª Ù…ØºØ±Ù…Ø§ Ø¨Ø£Ù† Ø§ØµØ¨Ø­ Ø±Ø¬Ù„ ØªØ±ÙƒØ¹ Ø¹Ù†Ø¯ Ù‚Ø¯Ù…ÙŠÙ‡ Ù‚Ù„ÙˆØ¨ Ø§Ù„Ù†Ø³Ø§Ø¡ Ø¨Ù„ Ø§ÙƒØªÙÙŠ Ø§Ù† ØªØ´Ø¹Ø±Ù†ÙŠ Ø§Ù…Ø±Ø§Ù‡ ÙˆØ§Ø­Ø¯Ù‡ Ø§Ù†ÙŠ Ø§Ø¹Ø¸Ù… Ø±Ø¬Ù„ ÙÙŠ Ù†Ø¸Ø±Ù‡Ø§ ÙˆØ³Ø£Ø¬Ø¹Ù„Ù‡Ø§ Ø§Ù…Ø±Ø§Ù‡ ÙÙˆÙ‚ ÙƒÙ„ Ø§Ù„Ù†Ø³Ø§Ø¡ â€¢â€¢â€¢ğŸ‘ˆ ØªØºØ±ÙŠØ¯Ø§ØªÙŠ ÙÙŠ Ø§Ù„Ù…ÙØ¶Ù„Ø©"
6mots;mariatontini1;""
6mots;Caloc17;|"In rimes en ette I trust.

Si tu ne t'attends Ã  rien, tu ne seras pas dÃ©Ã§u.
J'ai fait rire Marina FoÃ¯s, une fois."|
6mots;HerveTiss;"Loin de mes turpitudes, mon Ã¢me sâ€™exerce Ã  la #poesie , un peu maladroite, un peu bancale, mais sincÃ¨re et spontanÃ©e. Les TÃ©nÃ¨bres sont le reflet de ma maladie"
6mots;DELPHIN65098810;|"ğŸ’’ ğŸ‡«ğŸ‡· â¤ ğŸ‡«ğŸ‡· L'enfer est pavÃ© de bonnes intentions ğŸ¤— #ligue_des_optimistes  
 ğŸ¥€ ğŸŒ¹ğŸŒ¹ ğŸ¥€ ğŸ¶ğŸ¼ğŸ¶"|
6mots;Philipsmithy;|"Venu de nulle part et parvenu Ã  mi-chemin, il avait la conviction dÃ©sormais que demain c'etait mieux.  

La littÃ©rature, un phare dans l'ennui."|
6mots;Geute_Ketel;|"â€œA Good Heart  Is The Best Religionâ€  DalÃ¡i Lama - 
"And, above all be true to yourself, then you won't be false to anybody else" #Hamlet #Shakespeare"|
